customer_id,age,region,plan,tenure_months,monthly_charge,total_charges,support_calls,late_payments,payment_method,churned
CUST-1000,50,Abuja,Standard,10,5338.0,45673.27,1,2,Wallet,0
CUST-1001,55,Lagos,Standard,5,8857.33,41477.35,1,1,Wallet,0
CUST-1002,37,Ibadan,Basic,15,2139.75,31210.97,2,4,Bank Transfer,0
CUST-1003,61,Ibadan,Basic,13,3117.19,37044.11,0,4,USSD,0
CUST-1004,51,Port Harcourt,Standard,30,6738.99,198383.07,3,0,Wallet,0
CUST-1005,60,Lagos,Standard,5,7926.86,38234.64,2,3,USSD,1
CUST-1006,60,Lagos,Standard,23,9059.27,179004.85,1,2,USSD,0
CUST-1007,57,Lagos,Premium,29,20692.49,554508.21,0,3,Bank Transfer,0
CUST-1008,43,Ibadan,Standard,9,7785.28,62477.55,7,0,Bank Transfer,0
CUST-1009,29,Abuja,Standard,36,7907.08,251860.66,6,1,Bank Transfer,0
CUST-1010,57,Ibadan,Basic,32,4493.28,129088.97,2,3,Bank Transfer,0
CUST-1011,43,Port Harcourt,Premium,33,21617.2,649055.3,7,5,Credit Card,1
CUST-1012,21,Lagos,Standard,26,5471.43,120923.65,2,0,Bank Transfer,0
CUST-1013,58,Kano,Premium,7,12914.1,89794.87,3,4,USSD,0
CUST-1014,27,Lagos,Standard,8,8416.48,64803.58,7,3,USSD,0
CUST-1015,19,Ibadan,Standard,11,6436.51,63347.1,5,1,Credit Card,0
CUST-1016,50,Kano,Premium,17,16624.05,267197.14,3,4,Bank Transfer,0
CUST-1017,19,Kano,Basic,26,4219.62,101025.01,5,5,Bank Transfer,1
CUST-1018,32,Port Harcourt,Premium,23,24844.49,502570.25,5,0,Bank Transfer,0
CUST-1019,42,Abuja,Standard,1,9570.85,8821.5,1,5,Bank Transfer,0
CUST-1020,23,Abuja,Standard,22,11623.16,223873.78,7,3,Bank Transfer,1
CUST-1021,27,Ibadan,Basic,10,3772.44,35168.27,7,5,Credit Card,1
CUST-1022,31,Kano,Basic,7,3579.74,23183.2,3,1,USSD,0
CUST-1023,51,Port Harcourt,Standard,35,5917.52,201742.81,5,3,Bank Transfer,1
CUST-1024,27,Abuja,Premium,10,17721.62,154396.79,2,4,Credit Card,0
CUST-1025,30,Kano,Premium,4,19220.74,65837.19,1,4,Credit Card,0
CUST-1026,50,Ibadan,Premium,29,23862.34,641369.77,7,2,USSD,0
CUST-1027,30,Port Harcourt,Standard,33,8346.25,239778.0,8,2,Credit Card,0
CUST-1028,25,Abuja,Standard,29,9698.09,278692.46,3,5,USSD,0
CUST-1029,28,Abuja,Basic,17,4648.5,69084.77,1,3,Wallet,0
CUST-1030,47,Port Harcourt,Premium,26,16140.83,400975.24,5,0,Wallet,0
CUST-1031,35,Lagos,Standard,34,8585.84,287797.94,3,0,Bank Transfer,0
CUST-1032,50,Ibadan,Standard,9,10947.11,91055.1,4,3,USSD,0
CUST-1033,58,Lagos,Basic,18,2172.58,37942.79,1,2,Credit Card,0
CUST-1034,35,Ibadan,Premium,15,17899.06,233417.22,5,4,Bank Transfer,0
CUST-1035,36,Port Harcourt,Basic,11,2785.69,28344.76,4,4,Bank Transfer,0
CUST-1036,30,Ibadan,Standard,23,11961.49,253439.2,0,5,Wallet,0
CUST-1037,32,Kano,Basic,28,3969.53,97786.25,8,2,Bank Transfer,0
CUST-1038,23,Port Harcourt,Standard,23,10858.92,244905.05,4,3,USSD,0
CUST-1039,41,Kano,Premium,16,14409.58,229606.44,4,3,USSD,0
CUST-1040,48,Kano,Basic,3,4897.0,13595.27,0,2,Bank Transfer,0
CUST-1041,43,Lagos,Basic,33,4328.71,127840.99,2,3,Bank Transfer,0
CUST-1042,49,Abuja,Basic,34,4559.74,138385.0,6,2,Bank Transfer,0
CUST-1043,54,Lagos,Basic,33,3882.0,124770.18,2,4,Bank Transfer,0
CUST-1044,58,Lagos,Basic,2,2125.59,4012.83,6,3,Bank Transfer,1
CUST-1045,51,Lagos,Standard,17,10583.88,173063.48,8,4,Wallet,0
CUST-1046,47,Port Harcourt,Standard,5,6643.5,32447.84,3,5,Credit Card,1
CUST-1047,34,Kano,Standard,19,9318.82,166995.83,1,4,Bank Transfer,0
CUST-1048,63,Ibadan,Basic,31,2181.98,60392.44,3,5,Wallet,0
CUST-1049,47,Lagos,Standard,8,8843.54,68836.99,1,3,Wallet,0
CUST-1050,34,Kano,Standard,25,11619.11,252683.93,1,1,USSD,0
CUST-1051,49,Port Harcourt,Basic,24,2694.15,58892.82,0,1,Bank Transfer,0
CUST-1052,25,Abuja,Standard,23,5846.37,128678.1,5,2,USSD,0
CUST-1053,35,Lagos,Standard,24,7731.13,165525.73,1,2,Credit Card,0
CUST-1054,41,Port Harcourt,Premium,19,24623.5,459724.71,6,4,Wallet,0
CUST-1055,26,Kano,Premium,36,24135.05,801817.16,6,3,Bank Transfer,1
CUST-1056,37,Port Harcourt,Basic,31,3244.6,93903.74,4,3,Wallet,0
CUST-1057,39,Port Harcourt,Basic,11,3929.62,39513.25,7,4,Bank Transfer,1
CUST-1058,30,Lagos,Basic,6,2524.09,14575.81,5,2,Wallet,1
CUST-1059,41,Abuja,Standard,27,6470.03,166482.73,0,3,Bank Transfer,0
CUST-1060,19,Abuja,Basic,18,4690.37,72171.0,6,2,Wallet,1
CUST-1061,33,Lagos,Premium,32,24048.75,679960.31,8,3,Bank Transfer,1
CUST-1062,20,Lagos,Premium,7,20415.53,138241.97,7,0,Bank Transfer,0
CUST-1063,62,Lagos,Premium,3,13663.57,35453.55,4,4,USSD,1
CUST-1064,47,Kano,Premium,13,19813.79,255992.86,0,4,Bank Transfer,0
CUST-1065,49,Port Harcourt,Standard,34,6729.41,197262.99,4,0,Bank Transfer,0
CUST-1066,61,Port Harcourt,Premium,28,12443.27,306501.73,5,5,USSD,0
CUST-1067,34,Kano,Premium,33,14605.38,417561.81,3,1,Wallet,0
CUST-1068,43,Lagos,Premium,12,23835.15,252254.72,0,4,Bank Transfer,0
CUST-1069,23,Abuja,Standard,4,6288.73,22624.01,5,5,Bank Transfer,1
CUST-1070,46,Abuja,Premium,34,20637.59,607894.28,6,2,Credit Card,0
CUST-1071,37,Port Harcourt,Standard,6,11688.6,60535.09,3,3,Wallet,0
CUST-1072,33,Port Harcourt,Basic,24,3624.59,74471.99,7,0,Credit Card,0
CUST-1073,35,Kano,Standard,5,5434.03,26997.7,1,4,Credit Card,1
CUST-1074,24,Port Harcourt,Standard,21,7081.84,142373.68,1,0,Wallet,0
CUST-1075,65,Kano,Standard,17,10703.6,177123.48,7,1,Bank Transfer,0
CUST-1076,28,Abuja,Premium,16,16704.16,243523.53,1,4,Credit Card,0
CUST-1077,23,Abuja,Standard,36,6124.85,190609.41,1,0,Wallet,0
CUST-1078,60,Lagos,Premium,29,17992.01,504530.39,3,5,USSD,0
CUST-1079,33,Abuja,Standard,18,7610.8,119595.84,3,3,Bank Transfer,0
CUST-1080,59,Port Harcourt,Standard,5,11947.14,59654.66,3,5,Credit Card,1
CUST-1081,32,Lagos,Basic,31,4648.48,123576.54,5,0,Bank Transfer,1
CUST-1082,63,Ibadan,Basic,24,3538.01,76629.41,0,0,Credit Card,0
CUST-1083,44,Kano,Standard,22,6427.84,124127.79,3,0,USSD,0
CUST-1084,60,Ibadan,Basic,14,2094.4,25603.11,6,0,Credit Card,1
CUST-1085,37,Ibadan,Premium,11,24847.1,268549.89,4,3,Wallet,0
CUST-1086,31,Lagos,Standard,2,11976.34,21919.69,3,3,Bank Transfer,1
CUST-1087,21,Ibadan,Standard,8,7843.52,54677.17,7,1,Wallet,0
CUST-1088,22,Lagos,Basic,24,4211.75,91737.93,2,4,Bank Transfer,0
CUST-1089,58,Port Harcourt,Standard,9,5304.48,41197.24,5,0,Bank Transfer,0
CUST-1090,20,Port Harcourt,Premium,15,14549.47,216230.35,7,1,Bank Transfer,0
CUST-1091,61,Lagos,Standard,23,6729.41,147066.21,3,0,USSD,0
CUST-1092,55,Abuja,Basic,25,3798.56,86783.88,4,5,USSD,0
CUST-1093,57,Port Harcourt,Standard,33,5163.63,166221.79,7,3,Wallet,0
CUST-1094,20,Lagos,Standard,7,7510.03,49703.29,7,4,Credit Card,1
CUST-1095,26,Lagos,Premium,21,12705.44,261093.96,8,3,Credit Card,1
CUST-1096,32,Lagos,Basic,9,4945.18,43392.01,2,5,USSD,0
CUST-1097,48,Abuja,Basic,21,4689.61,92453.1,2,2,Bank Transfer,0
CUST-1098,42,Abuja,Standard,24,6274.67,145896.52,4,5,USSD,0
CUST-1099,62,Lagos,Basic,34,2145.71,64769.17,7,4,Wallet,1
CUST-1100,46,Abuja,Premium,24,19505.69,410327.9,5,2,Credit Card,0
CUST-1101,20,Abuja,Standard,34,9474.66,281035.24,5,5,Wallet,0
CUST-1102,54,Kano,Standard,33,5334.43,157651.25,0,0,USSD,0
CUST-1103,28,Abuja,Premium,15,13738.45,175601.43,5,4,Bank Transfer,1
CUST-1104,18,Lagos,Premium,10,13880.99,131417.19,4,3,USSD,0
CUST-1105,52,Lagos,Premium,29,18407.07,486242.14,2,0,Bank Transfer,0
CUST-1106,51,Ibadan,Basic,4,4735.23,17925.75,3,1,Wallet,0
CUST-1107,42,Port Harcourt,Premium,12,20137.53,232414.02,7,5,Wallet,1
CUST-1108,65,Kano,Basic,29,2526.18,70090.82,0,0,USSD,0
CUST-1109,31,Lagos,Premium,36,23924.58,845787.5,4,2,Credit Card,0
CUST-1110,30,Port Harcourt,Basic,17,4714.11,72068.39,2,5,Bank Transfer,0
CUST-1111,32,Ibadan,Standard,35,10877.98,374147.9,0,3,Bank Transfer,0
CUST-1112,28,Kano,Standard,5,6200.82,30899.05,1,0,Credit Card,0
CUST-1113,55,Kano,Basic,3,2415.21,6375.4,1,5,Credit Card,1
CUST-1114,58,Kano,Premium,25,13455.61,310006.17,0,5,Bank Transfer,0
CUST-1115,21,Kano,Basic,14,2883.38,39824.36,5,2,Wallet,1
CUST-1116,21,Ibadan,Standard,2,5218.74,9758.15,1,2,Credit Card,0
CUST-1117,24,Port Harcourt,Premium,19,14626.46,265197.31,0,0,Bank Transfer,0
CUST-1118,62,Abuja,Standard,23,8605.98,183042.25,2,2,Credit Card,0
CUST-1119,24,Port Harcourt,Premium,6,19296.31,114536.22,1,5,Credit Card,0
CUST-1120,58,Abuja,Standard,2,7121.99,14124.15,8,4,Bank Transfer,1
CUST-1121,38,Abuja,Premium,3,14019.25,38670.98,7,5,USSD,1
CUST-1122,37,Ibadan,Premium,15,23506.63,307886.04,3,4,Bank Transfer,0
CUST-1123,64,Lagos,Basic,21,3808.69,69959.82,3,2,Credit Card,0
CUST-1124,24,Lagos,Basic,25,2452.88,54706.63,4,3,Wallet,0
CUST-1125,36,Port Harcourt,Standard,3,10980.29,28109.03,3,4,USSD,1
CUST-1126,59,Ibadan,Premium,26,23087.59,586991.09,6,1,Bank Transfer,0
CUST-1127,43,Abuja,Premium,8,20167.6,143191.44,1,3,Wallet,0
CUST-1128,18,Port Harcourt,Standard,30,11009.76,321963.12,2,5,Credit Card,0
CUST-1129,54,Port Harcourt,Basic,17,3630.08,57462.86,3,4,Wallet,0
CUST-1130,31,Abuja,Premium,2,18781.95,34140.85,6,5,Credit Card,1
CUST-1131,44,Kano,Premium,23,16963.88,365598.77,0,0,Credit Card,0
CUST-1132,28,Abuja,Basic,20,4224.41,83593.75,3,3,Credit Card,0
CUST-1133,44,Port Harcourt,Premium,13,14937.83,194079.3,2,2,Bank Transfer,0
CUST-1134,48,Lagos,Standard,23,6613.18,147664.03,4,3,USSD,0
CUST-1135,27,Kano,Standard,16,7242.24,113345.96,1,5,Credit Card,0
CUST-1136,22,Kano,Basic,21,4352.12,81112.91,0,5,Credit Card,0
CUST-1137,52,Abuja,Premium,10,17875.48,168284.57,2,1,Credit Card,0
CUST-1138,46,Lagos,Premium,36,14565.82,489372.76,3,4,USSD,0
CUST-1139,62,Port Harcourt,Standard,15,8312.69,110598.5,7,3,Bank Transfer,1
CUST-1140,47,Kano,Premium,1,21046.51,19233.82,7,5,Credit Card,1
CUST-1141,49,Abuja,Basic,24,3908.38,80207.86,5,0,Wallet,0
CUST-1142,31,Kano,Premium,9,16760.06,138061.08,7,4,Wallet,1
CUST-1143,35,Ibadan,Standard,36,7024.04,228014.14,7,3,Bank Transfer,0
CUST-1144,58,Lagos,Premium,32,16122.22,499212.26,4,1,Credit Card,0
CUST-1145,30,Port Harcourt,Standard,36,8817.81,298808.19,4,0,Credit Card,0
CUST-1146,58,Port Harcourt,Premium,35,20148.59,665562.33,1,1,Bank Transfer,0
CUST-1147,26,Kano,Basic,12,4607.62,51659.61,0,2,USSD,0
CUST-1148,20,Lagos,Standard,12,7229.34,83808.28,0,3,Wallet,0
CUST-1149,53,Lagos,Premium,26,17032.86,381934.67,2,3,Wallet,0
CUST-1150,25,Abuja,Basic,10,3880.68,35735.28,1,0,USSD,0
CUST-1151,27,Lagos,Premium,16,23996.44,343234.15,5,5,Wallet,1
CUST-1152,61,Ibadan,Standard,17,5368.63,78667.47,0,0,USSD,0
CUST-1153,64,Port Harcourt,Standard,11,10844.41,109801.5,5,2,Bank Transfer,0
CUST-1154,46,Kano,Basic,8,3089.8,23919.81,6,3,USSD,1
CUST-1155,18,Abuja,Standard,18,11817.66,199991.07,5,4,USSD,1
CUST-1156,32,Port Harcourt,Premium,28,17035.64,425718.87,6,4,Credit Card,1
CUST-1157,54,Abuja,Standard,17,6100.96,92419.31,0,2,Wallet,0
CUST-1158,32,Kano,Standard,35,8875.72,292332.64,3,5,Wallet,0
CUST-1159,52,Kano,Standard,14,9104.72,123109.9,6,3,Bank Transfer,1
CUST-1160,30,Abuja,Standard,34,11195.66,334535.23,7,4,Bank Transfer,1
CUST-1161,49,Kano,Premium,19,17232.39,320852.56,8,1,USSD,0
CUST-1162,19,Lagos,Premium,30,19763.76,506962.33,5,2,Wallet,0
CUST-1163,26,Kano,Premium,14,17537.35,239768.33,7,4,USSD,1
CUST-1164,22,Ibadan,Basic,12,3134.61,35583.16,5,5,Credit Card,1
CUST-1165,28,Kano,Premium,6,20328.23,121343.09,8,3,Bank Transfer,0
CUST-1166,21,Kano,Basic,3,4825.14,14011.57,8,0,Wallet,1
CUST-1167,59,Lagos,Basic,7,2434.39,15687.86,4,4,USSD,0
CUST-1168,18,Port Harcourt,Standard,25,8369.19,200355.11,3,1,Bank Transfer,0
CUST-1169,46,Lagos,Basic,11,4783.04,52028.92,5,5,Wallet,1
CUST-1170,27,Kano,Basic,5,3357.0,14825.32,7,0,Credit Card,1
CUST-1171,27,Lagos,Basic,29,3660.12,94538.45,4,3,USSD,0
CUST-1172,50,Lagos,Standard,11,5764.66,59901.5,7,0,Bank Transfer,0
CUST-1173,33,Abuja,Premium,31,21813.06,584670.23,5,3,USSD,1
CUST-1174,39,Ibadan,Standard,11,10085.31,96629.75,0,3,Credit Card,0
CUST-1175,26,Abuja,Premium,19,23855.76,420737.09,3,2,Bank Transfer,0
CUST-1176,26,Ibadan,Premium,12,13136.47,149832.24,7,2,Bank Transfer,0
CUST-1177,51,Kano,Premium,20,21525.3,387577.16,6,5,Wallet,1
CUST-1178,41,Lagos,Basic,1,3228.55,2823.44,4,1,USSD,0
CUST-1179,33,Kano,Premium,1,24593.55,23778.74,1,0,Wallet,0
CUST-1180,52,Abuja,Premium,4,21502.3,73374.71,7,4,Credit Card,1
CUST-1181,62,Abuja,Basic,12,2503.64,26715.24,0,0,Wallet,0
CUST-1182,47,Port Harcourt,Premium,16,23303.84,349701.26,2,0,USSD,0
CUST-1183,54,Port Harcourt,Basic,8,2364.63,18197.94,3,1,Bank Transfer,0
CUST-1184,21,Kano,Basic,25,4081.61,91916.0,0,3,Bank Transfer,0
CUST-1185,21,Kano,Standard,28,8950.97,232483.35,5,3,USSD,1
CUST-1186,30,Ibadan,Basic,28,3989.36,106158.3,2,0,Bank Transfer,0
CUST-1187,59,Ibadan,Basic,27,4909.09,117947.61,0,0,USSD,0
CUST-1188,33,Lagos,Premium,35,13306.55,415956.18,1,4,USSD,0
CUST-1189,55,Ibadan,Standard,11,9160.02,99731.39,8,2,Wallet,0
CUST-1190,23,Ibadan,Basic,33,2394.11,70557.9,4,2,Wallet,0
CUST-1191,48,Port Harcourt,Premium,15,21234.68,309863.73,7,4,Credit Card,0
CUST-1192,28,Abuja,Basic,22,2664.74,52679.4,6,0,USSD,1
CUST-1193,56,Kano,Standard,18,11912.57,196414.07,0,1,Credit Card,0
CUST-1194,61,Abuja,Premium,25,21916.99,499988.44,8,1,USSD,0
CUST-1195,65,Port Harcourt,Basic,13,3848.89,44546.79,8,0,Bank Transfer,0
CUST-1196,54,Abuja,Standard,7,10359.74,66186.38,7,3,USSD,1
CUST-1197,51,Ibadan,Premium,8,17952.73,134905.88,5,2,USSD,0
CUST-1198,55,Abuja,Basic,32,3142.02,86789.13,2,3,USSD,0
CUST-1199,54,Port Harcourt,Standard,16,6430.17,92077.19,0,0,USSD,0
CUST-1200,56,Kano,Premium,28,20907.96,537394.7,6,3,Credit Card,0
CUST-1201,54,Abuja,Premium,5,16867.4,82816.86,6,5,Wallet,1
CUST-1202,23,Abuja,Standard,26,9372.23,220384.18,5,5,USSD,1
CUST-1203,44,Abuja,Basic,20,3537.78,65704.27,5,4,Bank Transfer,1
CUST-1204,58,Lagos,Premium,13,19344.37,239848.75,1,2,Credit Card,0
CUST-1205,60,Lagos,Basic,20,4131.91,72680.16,6,0,Wallet,0
CUST-1206,56,Lagos,Premium,18,18686.37,293234.99,2,4,Credit Card,0
CUST-1207,21,Lagos,Basic,7,2228.39,14860.67,7,4,USSD,1
CUST-1208,30,Port Harcourt,Basic,16,3061.53,46221.84,1,4,Credit Card,0
CUST-1209,33,Abuja,Basic,15,4671.62,60025.45,7,0,Bank Transfer,0
CUST-1210,22,Abuja,Standard,1,10711.29,10192.78,4,3,Bank Transfer,1
CUST-1211,40,Port Harcourt,Standard,20,9982.42,175287.87,3,0,USSD,0
CUST-1212,25,Port Harcourt,Standard,36,7345.1,257515.27,5,3,USSD,1
CUST-1213,19,Kano,Premium,16,16478.23,255934.73,6,0,Bank Transfer,0
CUST-1214,33,Abuja,Premium,9,22855.1,186193.4,2,4,Bank Transfer,0
CUST-1215,46,Abuja,Premium,26,14704.77,379002.71,7,4,USSD,0
CUST-1216,25,Ibadan,Premium,29,15201.26,380759.48,8,1,USSD,0
CUST-1217,62,Abuja,Premium,25,13885.91,335490.71,0,3,Bank Transfer,0
CUST-1218,30,Lagos,Standard,13,5762.73,71754.63,5,4,Credit Card,1
CUST-1219,58,Abuja,Basic,19,2378.4,44760.75,6,3,Bank Transfer,1
CUST-1220,62,Port Harcourt,Basic,24,4038.87,86005.06,6,0,Wallet,0
CUST-1221,43,Lagos,Standard,7,5806.62,38259.58,3,5,Wallet,0
CUST-1222,54,Port Harcourt,Basic,20,2468.57,47272.83,2,4,USSD,0
CUST-1223,55,Ibadan,Standard,23,5783.1,126946.18,4,0,Bank Transfer,0
CUST-1224,44,Port Harcourt,Premium,8,22102.57,176770.4,5,5,Bank Transfer,1
CUST-1225,62,Port Harcourt,Standard,34,11624.53,366104.79,5,5,Bank Transfer,1
CUST-1226,53,Kano,Standard,33,10447.76,302085.66,3,0,Bank Transfer,0
CUST-1227,30,Kano,Premium,16,12771.98,177904.2,5,2,Wallet,0
CUST-1228,40,Kano,Premium,31,18699.96,504343.64,7,1,Bank Transfer,0
CUST-1229,56,Port Harcourt,Premium,16,19127.38,298669.6,2,5,Wallet,0
CUST-1230,37,Abuja,Basic,8,4070.39,28218.86,0,0,USSD,0
CUST-1231,20,Lagos,Standard,8,8115.51,59748.1,4,1,Wallet,0
CUST-1232,52,Kano,Basic,22,4940.65,92525.52,7,3,Credit Card,1
CUST-1233,26,Lagos,Premium,19,20483.85,332290.75,4,5,Wallet,0
CUST-1234,37,Ibadan,Basic,19,3103.66,53013.73,2,0,Bank Transfer,0
CUST-1235,20,Lagos,Premium,23,19164.74,412151.24,5,2,Wallet,0
CUST-1236,23,Abuja,Basic,14,3483.14,46481.68,4,4,Bank Transfer,0
CUST-1237,64,Kano,Basic,29,3910.27,96435.76,7,3,Wallet,1
CUST-1238,60,Abuja,Basic,19,2215.98,41497.37,5,0,Bank Transfer,0
CUST-1239,38,Ibadan,Standard,19,10629.14,185609.86,3,3,Bank Transfer,0
CUST-1240,41,Port Harcourt,Standard,6,5420.06,30844.73,4,4,Bank Transfer,0
CUST-1241,62,Lagos,Standard,22,9436.23,181032.4,3,5,USSD,0
CUST-1242,30,Ibadan,Premium,27,17737.78,460949.58,4,0,Bank Transfer,0
CUST-1243,52,Ibadan,Standard,7,9691.67,64755.49,3,4,Credit Card,0
CUST-1244,25,Ibadan,Standard,5,5939.99,25699.8,8,5,Wallet,1
CUST-1245,57,Lagos,Premium,11,18176.41,182076.53,1,1,Credit Card,0
CUST-1246,45,Lagos,Standard,3,9160.15,25918.9,4,0,Bank Transfer,0
CUST-1247,34,Lagos,Premium,8,14184.07,100524.74,5,5,USSD,1
CUST-1248,25,Lagos,Premium,32,13295.39,420688.88,8,2,Bank Transfer,0
CUST-1249,49,Lagos,Standard,23,8127.38,160958.24,7,0,USSD,0
CUST-1250,34,Ibadan,Basic,10,3662.74,36612.38,6,1,USSD,0
CUST-1251,20,Lagos,Standard,1,11961.39,10494.24,7,0,Wallet,1
CUST-1252,51,Abuja,Standard,11,8140.11,80290.58,8,0,Bank Transfer,0
CUST-1253,40,Kano,Premium,3,21454.19,54766.01,5,4,Wallet,1
CUST-1254,60,Abuja,Standard,15,8215.85,109792.57,0,5,USSD,0
CUST-1255,53,Lagos,Basic,33,4974.08,161002.44,2,5,Wallet,0
CUST-1256,39,Kano,Premium,7,22339.1,144854.59,2,5,Bank Transfer,0
CUST-1257,33,Abuja,Standard,36,7340.99,264142.31,5,3,Bank Transfer,1
CUST-1258,37,Abuja,Basic,14,2021.7,26549.47,7,3,Bank Transfer,1
CUST-1259,55,Lagos,Standard,20,9003.29,168854.62,5,0,USSD,0
CUST-1260,22,Port Harcourt,Premium,23,22067.7,455729.83,6,5,Bank Transfer,1
CUST-1261,21,Port Harcourt,Standard,17,10309.44,160746.81,3,5,USSD,0
CUST-1262,54,Kano,Premium,7,24520.82,164411.25,0,0,Credit Card,0
CUST-1263,65,Lagos,Basic,18,3610.82,61572.11,0,1,Wallet,0
CUST-1264,49,Ibadan,Premium,22,22351.41,447442.52,1,5,Wallet,0
CUST-1265,64,Kano,Basic,2,4775.87,8343.46,0,3,Credit Card,1
CUST-1266,61,Ibadan,Basic,14,2427.97,33307.83,5,3,Bank Transfer,1
CUST-1267,37,Ibadan,Premium,22,22574.9,494963.1,7,0,Wallet,0
CUST-1268,24,Kano,Premium,18,15561.07,244411.5,4,0,Bank Transfer,0
CUST-1269,29,Kano,Standard,6,9372.41,55726.21,8,4,USSD,0
CUST-1270,63,Abuja,Premium,10,23123.9,211868.9,2,4,Wallet,0
CUST-1271,18,Lagos,Basic,23,4703.09,105035.48,0,0,Wallet,0
CUST-1272,32,Lagos,Premium,23,17329.06,353844.67,6,5,USSD,1
CUST-1273,49,Abuja,Premium,28,16238.59,453408.21,6,5,Bank Transfer,0
CUST-1274,33,Abuja,Standard,18,5955.67,96263.77,1,2,Wallet,0
CUST-1275,46,Abuja,Basic,4,4648.57,17017.9,5,0,Bank Transfer,1
CUST-1276,65,Kano,Standard,2,6063.5,10485.39,2,2,Bank Transfer,0
CUST-1277,20,Ibadan,Standard,26,7376.78,169776.44,6,2,Credit Card,0
CUST-1278,38,Lagos,Basic,9,3514.34,31052.99,1,5,Credit Card,0
CUST-1279,52,Ibadan,Standard,9,5017.99,45117.16,8,1,USSD,0
CUST-1280,63,Abuja,Standard,5,6505.96,27724.54,3,5,USSD,0
CUST-1281,62,Lagos,Basic,3,2589.34,7363.83,5,2,USSD,1
CUST-1282,52,Port Harcourt,Premium,22,23362.96,466413.89,4,3,Bank Transfer,0
CUST-1283,34,Ibadan,Standard,25,10626.28,254897.71,0,1,Bank Transfer,0
CUST-1284,38,Port Harcourt,Basic,8,2260.44,16860.03,0,3,USSD,0
CUST-1285,42,Abuja,Standard,1,9531.3,9281.09,5,4,Wallet,1
CUST-1286,52,Abuja,Standard,5,8683.81,42923.75,5,0,USSD,1
CUST-1287,51,Kano,Standard,31,7434.44,214009.99,3,1,Bank Transfer,0
CUST-1288,59,Lagos,Standard,16,6067.2,87202.11,2,5,USSD,0
CUST-1289,51,Ibadan,Standard,8,9918.35,71043.98,5,2,Credit Card,0
CUST-1290,51,Abuja,Standard,26,8123.41,179714.89,7,5,Bank Transfer,1
CUST-1291,53,Abuja,Standard,32,6663.4,181270.45,5,3,USSD,0
CUST-1292,46,Lagos,Basic,12,2919.62,32540.09,4,1,Wallet,0
CUST-1293,42,Kano,Basic,13,2384.9,26547.33,5,0,USSD,0
CUST-1294,57,Abuja,Standard,28,10675.78,297921.59,6,4,USSD,0
CUST-1295,49,Lagos,Basic,14,2988.35,36237.94,6,3,Wallet,1
CUST-1296,50,Lagos,Standard,28,8315.22,221314.47,7,3,Bank Transfer,0
CUST-1297,32,Lagos,Standard,35,9758.89,319583.02,6,3,Credit Card,0
CUST-1298,39,Port Harcourt,Basic,32,2264.75,70982.7,0,5,Wallet,0
CUST-1299,51,Lagos,Premium,9,23335.13,184377.76,2,2,USSD,0
CUST-1300,44,Lagos,Premium,17,20631.41,314267.13,4,4,Bank Transfer,0
CUST-1301,41,Port Harcourt,Standard,28,6799.59,180573.75,0,1,Bank Transfer,0
CUST-1302,52,Lagos,Standard,22,11435.65,229278.68,0,5,USSD,0
CUST-1303,43,Port Harcourt,Basic,18,2659.08,42147.49,3,4,Bank Transfer,0
CUST-1304,18,Ibadan,Basic,12,3301.16,38052.36,1,4,Bank Transfer,0
CUST-1305,27,Abuja,Standard,15,9724.71,135285.51,3,4,Wallet,0
CUST-1306,61,Port Harcourt,Basic,13,4352.76,49412.21,4,5,Credit Card,0
CUST-1307,63,Ibadan,Premium,9,15817.26,136362.67,3,4,USSD,0
CUST-1308,38,Port Harcourt,Standard,21,6502.06,119256.58,3,3,USSD,0
CUST-1309,43,Lagos,Basic,35,4082.58,122288.56,2,3,USSD,0
CUST-1310,49,Lagos,Basic,14,4988.39,61462.25,4,3,USSD,0
CUST-1311,20,Ibadan,Standard,35,6409.27,210824.53,3,4,Credit Card,0
CUST-1312,33,Kano,Standard,13,9595.72,119923.38,5,2,Bank Transfer,0
CUST-1313,56,Port Harcourt,Basic,20,4427.03,81387.35,8,0,Credit Card,1
CUST-1314,22,Kano,Basic,33,3737.72,118305.19,6,4,Bank Transfer,1
CUST-1315,24,Lagos,Standard,11,5630.25,60809.25,7,2,Credit Card,0
CUST-1316,20,Ibadan,Basic,32,2811.41,79928.0,3,1,Bank Transfer,0
CUST-1317,24,Lagos,Standard,26,11916.27,268264.34,8,4,Credit Card,0
CUST-1318,45,Port Harcourt,Standard,14,6604.83,87255.84,2,2,Credit Card,0
CUST-1319,33,Lagos,Standard,8,9049.62,68044.21,8,5,Credit Card,1
CUST-1320,47,Ibadan,Basic,14,3854.74,53325.68,5,0,Credit Card,1
CUST-1321,28,Abuja,Standard,27,5225.67,136810.87,2,5,Bank Transfer,0
CUST-1322,48,Lagos,Basic,13,4774.7,57390.84,1,0,USSD,0
CUST-1323,40,Ibadan,Basic,5,2597.12,11353.74,6,0,Wallet,1
CUST-1324,61,Ibadan,Premium,32,24182.73,676890.87,0,5,Wallet,0
CUST-1325,34,Abuja,Premium,33,18911.73,552950.98,1,0,Wallet,0
CUST-1326,43,Kano,Premium,16,24132.29,376025.7,0,3,Wallet,0
CUST-1327,49,Ibadan,Basic,15,3957.43,50602.83,6,2,Credit Card,0
CUST-1328,43,Port Harcourt,Standard,27,7096.21,180655.72,8,1,USSD,0
CUST-1329,33,Lagos,Standard,6,6311.02,33414.9,6,5,Credit Card,1
CUST-1330,57,Port Harcourt,Standard,12,7328.63,78822.5,2,1,USSD,0
CUST-1331,24,Abuja,Premium,13,17082.17,203899.82,0,0,USSD,0
CUST-1332,34,Port Harcourt,Premium,23,21549.43,426934.4,8,5,USSD,0
CUST-1333,21,Port Harcourt,Standard,18,7532.75,125284.85,6,4,Credit Card,1
CUST-1334,47,Lagos,Basic,8,3672.24,29149.77,2,5,Wallet,0
CUST-1335,29,Ibadan,Basic,1,4858.93,4597.63,8,0,USSD,1
CUST-1336,61,Port Harcourt,Premium,16,17469.13,258249.4,6,5,USSD,0
CUST-1337,26,Abuja,Premium,18,18444.9,307904.11,0,4,Credit Card,0
CUST-1338,42,Kano,Basic,20,4215.03,83821.75,0,4,Bank Transfer,0
CUST-1339,34,Kano,Standard,20,8323.14,151330.57,7,3,Wallet,0
CUST-1340,38,Lagos,Standard,18,11480.61,180367.11,8,3,Wallet,1
CUST-1341,43,Ibadan,Premium,36,12994.01,454521.39,6,2,Credit Card,0
CUST-1342,41,Kano,Standard,29,5289.31,152941.05,4,2,Credit Card,0
CUST-1343,29,Lagos,Premium,7,17365.54,117449.07,1,2,Wallet,0
CUST-1344,52,Ibadan,Premium,22,16378.83,328641.47,2,5,USSD,0
CUST-1345,60,Abuja,Basic,14,3016.19,39552.56,8,0,Wallet,1
CUST-1346,33,Ibadan,Basic,18,4355.63,68110.44,2,1,USSD,0
CUST-1347,63,Lagos,Basic,25,4636.0,111928.03,6,4,USSD,1
CUST-1348,51,Lagos,Premium,14,16676.64,202718.94,1,2,USSD,0
CUST-1349,55,Ibadan,Basic,1,3373.21,3168.63,8,0,Credit Card,1
CUST-1350,32,Abuja,Basic,35,4482.17,146442.32,5,2,Bank Transfer,0
CUST-1351,22,Kano,Standard,35,6560.91,220143.34,8,2,Credit Card,0
CUST-1352,39,Kano,Standard,25,9121.28,196268.85,0,2,Wallet,0
CUST-1353,30,Lagos,Premium,9,23445.05,192106.01,7,1,USSD,0
CUST-1354,34,Abuja,Basic,5,4207.98,19652.12,3,5,USSD,1
CUST-1355,18,Ibadan,Premium,2,21353.66,37991.1,1,2,USSD,0
CUST-1356,62,Kano,Premium,11,16609.39,166836.01,1,0,Credit Card,0
CUST-1357,23,Kano,Premium,30,23155.64,673282.06,5,3,Wallet,0
CUST-1358,30,Kano,Basic,7,3584.9,24888.48,5,2,Wallet,0
CUST-1359,64,Ibadan,Premium,25,17676.83,410849.2,2,0,Credit Card,0
CUST-1360,39,Ibadan,Basic,6,3391.14,19002.66,8,0,Wallet,1
CUST-1361,26,Abuja,Standard,14,6431.11,82473.01,1,0,Wallet,0
CUST-1362,62,Port Harcourt,Basic,4,4585.1,17256.18,3,5,Credit Card,1
CUST-1363,65,Abuja,Standard,25,6670.21,157597.76,3,0,Credit Card,0
CUST-1364,32,Lagos,Basic,7,4723.98,32722.41,7,0,Wallet,0
CUST-1365,27,Ibadan,Standard,3,5127.55,13450.95,1,5,USSD,0
CUST-1366,53,Lagos,Basic,33,4360.86,133168.63,0,0,Credit Card,0
CUST-1367,19,Abuja,Premium,4,17942.06,69934.52,0,4,Wallet,1
CUST-1368,52,Ibadan,Basic,8,4124.39,29790.6,1,4,Credit Card,0
CUST-1369,36,Abuja,Basic,16,4549.19,67263.98,5,2,USSD,0
CUST-1370,44,Ibadan,Basic,1,2236.56,2093.82,3,4,Bank Transfer,1
CUST-1371,45,Lagos,Premium,6,21316.72,112164.96,0,5,USSD,0
CUST-1372,24,Abuja,Standard,17,6768.52,105449.16,5,0,Wallet,0
CUST-1373,40,Kano,Premium,21,17361.41,309995.75,0,2,Bank Transfer,0
CUST-1374,41,Lagos,Standard,6,5733.98,32015.97,5,3,Wallet,1
CUST-1375,58,Lagos,Basic,14,3592.76,47641.25,6,4,Bank Transfer,1
CUST-1376,61,Abuja,Standard,1,8019.72,7647.57,2,4,USSD,1
CUST-1377,59,Ibadan,Standard,16,11724.14,163444.52,3,5,Credit Card,0
CUST-1378,41,Lagos,Premium,5,12831.24,55901.51,1,4,Credit Card,0
CUST-1379,34,Kano,Premium,32,23411.3,681150.67,7,1,Bank Transfer,0
CUST-1380,32,Lagos,Standard,7,8224.42,56318.91,3,0,USSD,0
CUST-1381,60,Ibadan,Premium,22,14469.33,285472.65,1,1,USSD,0
CUST-1382,54,Ibadan,Basic,3,2430.98,6443.23,6,2,Credit Card,1
CUST-1383,29,Abuja,Standard,1,11515.15,10425.89,5,2,USSD,1
CUST-1384,19,Abuja,Standard,24,9642.29,219217.41,2,2,Bank Transfer,0
CUST-1385,42,Kano,Standard,24,11250.1,239012.06,0,0,Credit Card,0
CUST-1386,49,Port Harcourt,Standard,29,5769.16,165375.46,7,0,Bank Transfer,0
CUST-1387,39,Ibadan,Standard,29,6335.53,157749.64,7,3,Bank Transfer,0
CUST-1388,45,Ibadan,Standard,14,11091.51,133292.65,6,0,Bank Transfer,0
CUST-1389,46,Kano,Premium,21,15448.94,280529.37,7,5,USSD,0
CUST-1390,58,Ibadan,Premium,24,18174.68,429823.83,4,1,Wallet,0
CUST-1391,42,Kano,Premium,3,18486.94,53300.95,2,5,USSD,1
CUST-1392,20,Kano,Premium,12,17960.29,197387.71,1,3,Bank Transfer,0
CUST-1393,18,Kano,Basic,20,4246.79,84278.32,6,0,Bank Transfer,0
CUST-1394,30,Port Harcourt,Basic,31,3121.14,85172.32,3,4,Wallet,0
CUST-1395,63,Lagos,Standard,15,10290.55,144369.38,2,2,Bank Transfer,0
CUST-1396,42,Abuja,Basic,1,2464.43,2191.28,7,4,Credit Card,1
CUST-1397,45,Abuja,Standard,27,5959.57,138708.53,5,0,Wallet,0
CUST-1398,21,Port Harcourt,Standard,17,9631.93,161649.64,4,5,Credit Card,0
CUST-1399,42,Kano,Basic,19,2211.6,40804.28,2,3,Credit Card,0
CUST-1400,30,Port Harcourt,Standard,16,8712.92,120085.35,5,4,USSD,1
CUST-1401,51,Kano,Premium,25,15323.55,364550.94,3,3,Credit Card,0
CUST-1402,61,Abuja,Premium,4,20737.42,76299.24,0,3,USSD,1
CUST-1403,32,Kano,Basic,28,2266.85,60951.38,6,1,USSD,1
CUST-1404,50,Abuja,Standard,32,5892.95,185309.02,3,2,Wallet,0
CUST-1405,45,Kano,Premium,5,16316.47,71491.66,8,2,Wallet,1
CUST-1406,53,Abuja,Premium,2,17122.37,32367.73,1,5,Bank Transfer,1
CUST-1407,55,Lagos,Standard,20,6143.85,108100.8,7,5,Credit Card,1
CUST-1408,33,Lagos,Premium,35,12377.76,379518.62,0,1,Bank Transfer,0
CUST-1409,22,Ibadan,Standard,16,5799.59,83731.32,3,1,USSD,0
CUST-1410,22,Ibadan,Standard,31,7331.1,194958.45,4,1,USSD,0
CUST-1411,62,Port Harcourt,Basic,22,3025.1,60415.01,8,0,Credit Card,1
CUST-1412,46,Port Harcourt,Basic,20,4391.46,85079.21,2,1,Bank Transfer,0
CUST-1413,31,Lagos,Premium,6,17661.13,103422.7,0,1,Wallet,0
CUST-1414,19,Abuja,Basic,17,3503.91,55213.27,0,0,Bank Transfer,0
CUST-1415,26,Abuja,Premium,30,14660.29,377928.94,4,5,Wallet,0
CUST-1416,38,Ibadan,Standard,20,8660.36,153366.7,5,0,Bank Transfer,0
CUST-1417,41,Port Harcourt,Premium,16,13554.6,201560.04,8,5,Credit Card,1
CUST-1418,48,Port Harcourt,Basic,5,3871.22,18689.25,8,1,USSD,1
CUST-1419,23,Kano,Premium,29,16090.79,405950.87,0,0,Bank Transfer,0
CUST-1420,27,Port Harcourt,Basic,30,4052.18,116048.35,5,3,Credit Card,1
CUST-1421,52,Ibadan,Basic,19,4729.45,87609.74,1,2,Bank Transfer,0
CUST-1422,47,Ibadan,Basic,12,3160.62,32903.84,5,0,USSD,1
CUST-1423,30,Abuja,Premium,25,19852.67,477630.3,4,3,Wallet,0
CUST-1424,57,Kano,Basic,33,3016.55,89294.61,7,5,USSD,1
CUST-1425,34,Ibadan,Premium,13,12001.54,133538.13,3,4,Credit Card,0
CUST-1426,40,Port Harcourt,Standard,15,10732.38,145971.54,5,2,Credit Card,0
CUST-1427,64,Abuja,Basic,1,4728.6,4554.71,3,5,USSD,1
CUST-1428,39,Lagos,Standard,33,7664.7,228094.65,2,1,Bank Transfer,0
CUST-1429,53,Port Harcourt,Standard,9,11682.65,104294.77,8,5,Wallet,1
CUST-1430,19,Abuja,Standard,14,7526.31,95411.54,1,2,Credit Card,0
CUST-1431,58,Ibadan,Standard,4,8234.48,30321.69,7,3,USSD,1
CUST-1432,44,Lagos,Premium,20,23888.99,469212.85,8,0,Bank Transfer,0
CUST-1433,20,Port Harcourt,Basic,14,3087.09,40566.88,1,5,Wallet,0
CUST-1434,32,Ibadan,Basic,9,3287.95,28711.46,8,5,Bank Transfer,1
CUST-1435,39,Ibadan,Standard,28,9458.62,254202.78,6,1,Bank Transfer,0
CUST-1436,28,Abuja,Standard,35,5075.86,151474.51,6,4,Credit Card,1
CUST-1437,31,Ibadan,Premium,24,18563.83,409604.35,8,5,Bank Transfer,1
CUST-1438,34,Ibadan,Premium,14,22444.27,280096.1,6,1,Wallet,0
CUST-1439,33,Ibadan,Basic,33,3885.44,113902.81,5,5,Bank Transfer,1
CUST-1440,56,Abuja,Basic,12,4712.42,50378.45,1,5,Wallet,0
CUST-1441,27,Kano,Premium,4,23300.32,85651.58,1,4,Bank Transfer,1
CUST-1442,40,Ibadan,Premium,22,24954.77,502557.52,3,1,USSD,0
CUST-1443,44,Port Harcourt,Basic,14,3336.62,45591.01,1,4,Wallet,0
CUST-1444,22,Kano,Standard,18,6385.69,109793.08,2,4,Credit Card,0
CUST-1445,54,Ibadan,Standard,7,7976.17,47511.89,6,5,Wallet,0
CUST-1446,53,Lagos,Standard,33,11441.6,374701.7,6,4,Bank Transfer,0
CUST-1447,28,Ibadan,Premium,24,16246.06,363698.33,3,2,Bank Transfer,0
CUST-1448,35,Kano,Standard,8,11330.97,84141.09,5,3,Credit Card,0
CUST-1449,42,Ibadan,Standard,36,11505.71,389921.78,7,0,USSD,0
CUST-1450,39,Kano,Basic,24,4400.05,102772.8,8,0,Bank Transfer,0
CUST-1451,32,Lagos,Premium,25,12773.2,292344.65,2,1,Credit Card,0
CUST-1452,30,Lagos,Premium,7,23985.34,161552.1,1,1,Wallet,0
CUST-1453,21,Abuja,Standard,6,9962.18,51920.94,2,2,Credit Card,0
CUST-1454,30,Kano,Standard,11,6134.2,58578.38,5,5,Wallet,1
CUST-1455,29,Abuja,Standard,26,8123.09,185219.57,0,5,Bank Transfer,0
CUST-1456,54,Lagos,Standard,4,9355.44,34343.36,7,4,Credit Card,1
CUST-1457,49,Abuja,Premium,22,13917.06,291862.61,0,4,Bank Transfer,0
CUST-1458,60,Abuja,Premium,1,21122.21,19759.45,0,2,Wallet,0
CUST-1459,31,Ibadan,Standard,31,11502.58,347018.82,5,3,USSD,0
CUST-1460,23,Port Harcourt,Standard,36,9276.19,330446.9,8,3,Credit Card,1
CUST-1461,18,Lagos,Basic,28,4283.15,112534.14,8,3,Bank Transfer,1
CUST-1462,23,Port Harcourt,Basic,25,2829.91,67020.1,7,5,Credit Card,1
CUST-1463,31,Ibadan,Basic,32,4502.98,142864.96,4,2,Wallet,0
CUST-1464,27,Kano,Premium,18,17216.33,265898.06,7,0,Bank Transfer,0
CUST-1465,23,Lagos,Standard,25,6817.99,150389.84,7,3,Wallet,0
CUST-1466,25,Abuja,Premium,6,24126.2,141246.95,2,1,USSD,0
CUST-1467,21,Abuja,Standard,11,11509.38,110671.57,3,2,USSD,0
CUST-1468,38,Lagos,Basic,25,3598.87,86526.74,1,3,Bank Transfer,0
CUST-1469,25,Ibadan,Premium,30,14547.16,391786.38,4,1,Bank Transfer,0
CUST-1470,55,Kano,Basic,31,3408.7,92389.11,1,4,Credit Card,0
CUST-1471,53,Abuja,Standard,25,11871.58,266243.44,4,2,Credit Card,0
CUST-1472,61,Kano,Standard,14,11697.38,151007.3,5,4,Bank Transfer,1
CUST-1473,22,Port Harcourt,Premium,12,15903.66,162499.01,3,5,Credit Card,0
CUST-1474,24,Abuja,Basic,33,3522.39,110628.28,1,5,Credit Card,0
CUST-1475,63,Ibadan,Standard,4,5612.86,20877.91,0,4,Bank Transfer,1
CUST-1476,65,Ibadan,Basic,13,4964.54,64116.85,3,0,Wallet,0
CUST-1477,50,Abuja,Standard,2,10812.88,19769.67,1,5,Credit Card,1
CUST-1478,53,Abuja,Basic,4,4980.74,18007.38,2,2,USSD,1
CUST-1479,54,Ibadan,Standard,35,6107.16,184768.16,1,1,Wallet,0
CUST-1480,18,Abuja,Standard,30,5105.83,150770.51,6,1,USSD,0
CUST-1481,60,Lagos,Basic,6,4504.5,24807.9,7,0,Bank Transfer,0
CUST-1482,45,Kano,Basic,12,2594.64,26811.86,1,2,Wallet,0
CUST-1483,28,Ibadan,Basic,10,2516.22,21559.31,1,5,Credit Card,0
CUST-1484,51,Abuja,Premium,11,15703.81,160061.97,0,2,Bank Transfer,0
CUST-1485,60,Port Harcourt,Basic,14,3299.9,39968.57,7,0,Wallet,0
CUST-1486,32,Lagos,Basic,35,4062.31,129400.73,4,5,Wallet,0
CUST-1487,50,Port Harcourt,Basic,10,2254.5,20018.79,4,5,Credit Card,0
CUST-1488,48,Port Harcourt,Premium,32,12825.01,356661.82,7,1,Credit Card,0
CUST-1489,33,Lagos,Premium,12,12587.94,133404.38,1,0,USSD,0
CUST-1490,46,Abuja,Standard,11,7567.04,70796.78,4,1,Credit Card,0
CUST-1491,42,Lagos,Premium,28,14019.9,373213.83,4,5,Credit Card,0
CUST-1492,55,Port Harcourt,Basic,3,4622.31,13803.19,5,5,Bank Transfer,1
CUST-1493,32,Ibadan,Standard,34,10092.1,305940.39,5,4,Bank Transfer,1
CUST-1494,58,Port Harcourt,Premium,2,14410.68,27874.7,8,2,Wallet,1
CUST-1495,64,Abuja,Basic,33,3627.61,114849.7,0,2,USSD,0
CUST-1496,45,Kano,Premium,20,16684.91,315440.14,3,1,Credit Card,0
CUST-1497,37,Abuja,Standard,36,7524.3,244074.34,8,5,Wallet,1
CUST-1498,39,Port Harcourt,Basic,12,3462.99,40730.92,7,0,Wallet,0
CUST-1499,61,Abuja,Standard,27,6077.4,147635.55,2,2,Bank Transfer,0
CUST-1500,35,Port Harcourt,Basic,28,3272.1,84891.87,8,0,USSD,0
CUST-1501,39,Abuja,Basic,26,3170.17,78462.78,5,0,Bank Transfer,1
CUST-1502,33,Abuja,Basic,2,3738.23,6883.52,1,1,USSD,1
CUST-1503,33,Abuja,Basic,3,3714.88,10209.35,1,4,Wallet,1
CUST-1504,33,Kano,Standard,1,5812.02,5452.18,3,5,Wallet,1
CUST-1505,18,Lagos,Premium,3,15948.96,45431.0,7,5,Wallet,1
CUST-1506,24,Kano,Basic,12,4333.78,50123.39,6,1,Wallet,1
CUST-1507,18,Port Harcourt,Basic,20,3385.57,61722.36,1,0,Wallet,0
CUST-1508,41,Kano,Standard,23,11872.78,267388.4,8,4,Bank Transfer,0
CUST-1509,57,Kano,Basic,25,3073.32,75027.79,4,2,USSD,0
CUST-1510,19,Kano,Premium,35,20761.94,641893.17,1,2,Credit Card,0
CUST-1511,47,Abuja,Basic,13,3994.37,50617.57,3,1,USSD,0
CUST-1512,52,Port Harcourt,Premium,4,24487.76,95025.08,6,5,Bank Transfer,1
CUST-1513,28,Ibadan,Basic,12,4081.53,48020.78,2,5,USSD,0
CUST-1514,61,Abuja,Premium,35,20015.65,652860.06,2,2,Bank Transfer,0
CUST-1515,28,Lagos,Premium,29,13641.58,375004.15,5,3,Credit Card,0
CUST-1516,22,Abuja,Basic,3,3775.81,11167.22,2,2,Credit Card,1
CUST-1517,30,Kano,Basic,15,3320.08,49043.48,8,1,USSD,1
CUST-1518,21,Abuja,Premium,2,23824.75,45514.09,0,4,USSD,1
CUST-1519,21,Kano,Standard,6,11928.65,63280.2,4,4,Credit Card,0
CUST-1520,42,Port Harcourt,Premium,36,23483.95,823803.32,6,5,Bank Transfer,1
CUST-1521,24,Abuja,Standard,18,10818.65,178371.95,4,3,USSD,0
CUST-1522,40,Port Harcourt,Standard,33,8393.02,265843.57,5,3,Wallet,0
CUST-1523,30,Abuja,Basic,34,4293.12,131806.65,8,1,Credit Card,1
CUST-1524,18,Kano,Standard,18,5848.34,93489.17,3,2,Bank Transfer,0
CUST-1525,24,Port Harcourt,Premium,36,13630.82,477105.57,2,2,Wallet,0
CUST-1526,59,Port Harcourt,Premium,28,17355.27,441337.05,8,1,Bank Transfer,0
CUST-1527,50,Port Harcourt,Basic,12,4165.75,48765.37,8,1,Credit Card,0
CUST-1528,37,Ibadan,Basic,29,2114.93,54232.92,8,3,Bank Transfer,1
CUST-1529,34,Ibadan,Premium,23,12848.09,287193.95,2,5,Credit Card,0
CUST-1530,34,Lagos,Basic,4,2592.29,9280.59,1,2,Wallet,0
CUST-1531,65,Lagos,Basic,24,2727.95,60091.44,3,0,Wallet,0
CUST-1532,43,Abuja,Basic,15,2627.04,35341.69,6,5,Credit Card,1
CUST-1533,44,Port Harcourt,Premium,33,19603.39,570359.11,8,3,Credit Card,0
CUST-1534,23,Kano,Premium,14,15186.44,209395.33,8,4,Wallet,1
CUST-1535,37,Port Harcourt,Basic,1,2776.63,2656.98,3,3,Bank Transfer,1
CUST-1536,56,Abuja,Basic,26,3970.25,92956.26,7,5,Bank Transfer,1
CUST-1537,25,Lagos,Basic,6,2860.79,16472.47,8,5,Credit Card,1
CUST-1538,44,Lagos,Standard,2,11416.24,19811.03,6,5,Wallet,1
CUST-1539,38,Port Harcourt,Standard,32,7681.66,232769.74,3,3,Wallet,0
CUST-1540,30,Abuja,Standard,34,6951.46,216513.43,0,5,USSD,0
CUST-1541,19,Port Harcourt,Standard,10,6199.14,53452.7,4,1,Wallet,0
CUST-1542,50,Lagos,Premium,20,21916.94,425886.39,1,0,USSD,0
CUST-1543,56,Ibadan,Basic,31,2266.15,60455.83,1,0,USSD,0
CUST-1544,24,Ibadan,Standard,29,6686.87,192306.39,0,4,Wallet,0
CUST-1545,35,Port Harcourt,Standard,4,5703.06,20380.69,3,4,Wallet,1
CUST-1546,51,Port Harcourt,Basic,19,3369.13,57680.09,8,0,USSD,0
CUST-1547,50,Kano,Basic,21,3526.34,69555.51,5,1,Bank Transfer,0
CUST-1548,59,Abuja,Standard,30,10700.32,311845.81,3,1,Credit Card,0
CUST-1549,63,Lagos,Basic,17,4589.93,69840.04,3,3,Credit Card,0
CUST-1550,45,Abuja,Basic,31,3926.02,110289.39,3,3,USSD,0
CUST-1551,47,Lagos,Standard,26,6315.45,160238.71,8,2,Bank Transfer,0
CUST-1552,37,Ibadan,Premium,5,22833.99,103354.37,4,3,Bank Transfer,1
CUST-1553,24,Ibadan,Premium,12,19383.9,203116.16,3,3,Bank Transfer,0
CUST-1554,47,Lagos,Standard,19,6872.49,119620.14,0,3,Wallet,0
CUST-1555,63,Port Harcourt,Basic,7,4881.1,32025.38,0,4,Credit Card,0
CUST-1556,55,Lagos,Basic,29,2860.21,78326.03,0,0,Wallet,0
CUST-1557,30,Lagos,Premium,10,19017.28,181851.8,4,2,USSD,0
CUST-1558,41,Ibadan,Premium,28,19367.81,469260.44,5,0,USSD,0
CUST-1559,54,Kano,Standard,17,11561.25,194181.8,7,3,Bank Transfer,0
CUST-1560,60,Kano,Basic,16,4228.71,59419.17,3,1,USSD,0
CUST-1561,22,Port Harcourt,Premium,29,22887.51,567251.81,0,1,Wallet,0
CUST-1562,33,Kano,Premium,27,15015.75,363149.92,2,0,Wallet,0
CUST-1563,45,Abuja,Standard,26,11175.33,256629.19,0,4,Credit Card,0
CUST-1564,41,Lagos,Basic,7,4526.83,29719.4,7,5,USSD,1
CUST-1565,24,Port Harcourt,Basic,25,3884.2,83966.13,7,4,Credit Card,1
CUST-1566,44,Ibadan,Standard,28,9187.24,229327.52,7,2,Credit Card,0
CUST-1567,33,Ibadan,Standard,16,8279.73,120543.13,0,2,Credit Card,0
CUST-1568,37,Ibadan,Standard,30,9441.47,242674.81,2,4,USSD,0
CUST-1569,28,Kano,Premium,1,21115.55,18702.33,3,0,Wallet,0
CUST-1570,51,Port Harcourt,Basic,34,4938.46,166692.49,2,0,Bank Transfer,0
CUST-1571,49,Lagos,Standard,12,11734.58,139471.02,5,0,Bank Transfer,0
CUST-1572,42,Abuja,Basic,26,4506.27,115943.67,5,2,Credit Card,0
CUST-1573,27,Kano,Premium,8,21761.8,153963.34,7,0,Credit Card,0
CUST-1574,26,Abuja,Basic,17,2292.77,34963.58,8,2,Wallet,1
CUST-1575,26,Ibadan,Premium,10,15583.27,152549.47,4,4,Bank Transfer,0
CUST-1576,65,Kano,Basic,2,4019.59,7942.74,0,2,Wallet,0
CUST-1577,18,Lagos,Premium,11,17225.59,186891.7,2,1,Wallet,0
CUST-1578,19,Port Harcourt,Basic,9,2740.55,22225.55,6,5,Bank Transfer,1
CUST-1579,44,Kano,Premium,28,18912.44,473308.43,2,3,Credit Card,0
CUST-1580,23,Lagos,Basic,28,2976.05,76450.25,7,2,Wallet,0
CUST-1581,18,Port Harcourt,Standard,17,7765.42,129640.46,2,4,USSD,0
CUST-1582,44,Ibadan,Standard,8,10063.71,69982.15,6,5,USSD,0
CUST-1583,26,Abuja,Standard,30,11097.39,328980.86,7,4,Credit Card,1
CUST-1584,47,Port Harcourt,Standard,2,8753.75,16794.35,3,3,Credit Card,1
CUST-1585,42,Lagos,Basic,15,2930.51,38852.73,7,5,USSD,1
CUST-1586,44,Abuja,Premium,8,24771.91,175579.13,6,5,Wallet,0
CUST-1587,31,Lagos,Standard,17,11996.25,198222.37,0,3,Credit Card,0
CUST-1588,44,Ibadan,Standard,20,11224.57,193402.82,4,3,Credit Card,0
CUST-1589,53,Kano,Basic,14,4067.31,53989.88,4,2,Bank Transfer,0
CUST-1590,41,Port Harcourt,Basic,3,2236.46,6693.83,6,5,USSD,1
CUST-1591,59,Port Harcourt,Basic,30,2544.32,73610.63,5,1,Credit Card,0
CUST-1592,32,Ibadan,Basic,20,4921.29,96109.48,1,4,Credit Card,0
CUST-1593,54,Abuja,Basic,29,4071.83,105660.64,5,2,USSD,0
CUST-1594,18,Ibadan,Premium,31,24813.41,755057.73,6,0,Credit Card,0
CUST-1595,59,Ibadan,Premium,35,20417.0,671510.78,7,1,Bank Transfer,0
CUST-1596,60,Abuja,Standard,3,11221.57,31828.86,0,5,Wallet,1
CUST-1597,19,Lagos,Premium,14,14389.59,180204.53,3,2,Bank Transfer,0
CUST-1598,50,Port Harcourt,Premium,10,13517.97,120378.52,2,0,Wallet,0
CUST-1599,38,Abuja,Standard,36,9608.43,335397.57,0,1,USSD,0
CUST-1600,41,Lagos,Standard,2,9530.02,18024.89,8,2,USSD,1
CUST-1601,51,Ibadan,Basic,33,2539.09,80951.06,7,3,Credit Card,1
CUST-1602,26,Abuja,Standard,27,10538.89,279664.82,7,3,Credit Card,0
CUST-1603,49,Kano,Basic,16,4661.26,73023.9,3,1,USSD,0
CUST-1604,39,Lagos,Premium,4,17527.92,60494.26,7,1,USSD,1
CUST-1605,42,Abuja,Basic,32,2446.73,70114.55,1,4,USSD,0
CUST-1606,49,Abuja,Standard,6,7365.57,38883.69,5,0,Credit Card,0
CUST-1607,24,Abuja,Premium,30,19810.18,575010.59,1,2,USSD,0
CUST-1608,39,Kano,Standard,6,10255.24,59824.04,6,3,Credit Card,0
CUST-1609,22,Lagos,Basic,32,2532.8,75317.72,6,1,Credit Card,1
CUST-1610,44,Ibadan,Premium,9,17700.99,141877.23,4,2,Credit Card,0
CUST-1611,58,Ibadan,Standard,9,6450.54,51694.72,3,1,Wallet,0
CUST-1612,24,Port Harcourt,Standard,24,5022.95,119713.93,0,4,Credit Card,0
CUST-1613,26,Ibadan,Standard,9,8438.73,74537.31,8,3,Wallet,1
CUST-1614,50,Ibadan,Standard,18,5806.82,96881.38,5,4,Bank Transfer,0
CUST-1615,23,Port Harcourt,Basic,2,2276.84,4201.47,0,3,Bank Transfer,1
CUST-1616,40,Ibadan,Standard,20,9431.04,183648.86,7,3,USSD,0
CUST-1617,51,Ibadan,Basic,14,3322.67,43463.24,5,5,Credit Card,1
CUST-1618,58,Port Harcourt,Premium,18,21839.08,338085.13,0,1,Bank Transfer,0
CUST-1619,23,Port Harcourt,Premium,34,17548.97,508680.59,5,2,Credit Card,0
CUST-1620,21,Kano,Standard,32,9142.68,286868.61,3,4,USSD,0
CUST-1621,32,Abuja,Basic,16,4509.39,69966.95,7,3,USSD,1
CUST-1622,45,Abuja,Basic,23,3781.23,74817.97,7,1,Wallet,1
CUST-1623,18,Port Harcourt,Premium,31,21942.05,619895.63,2,0,Credit Card,0
CUST-1624,29,Ibadan,Premium,15,23613.87,318644.3,1,3,Credit Card,0
CUST-1625,46,Lagos,Standard,2,7872.99,14144.71,8,2,Bank Transfer,1
CUST-1626,61,Kano,Basic,20,3607.42,66160.0,4,2,Bank Transfer,0
CUST-1627,31,Kano,Standard,17,6488.88,96633.99,3,3,USSD,0
CUST-1628,59,Kano,Standard,31,6083.38,165284.36,0,3,USSD,0
CUST-1629,50,Ibadan,Premium,14,13756.99,180962.71,5,5,Bank Transfer,1
CUST-1630,34,Lagos,Basic,22,4954.33,96105.83,6,1,USSD,0
CUST-1631,62,Lagos,Premium,32,15785.34,482256.84,4,2,Credit Card,0
CUST-1632,45,Abuja,Premium,3,23254.7,61833.41,1,5,USSD,1
CUST-1633,40,Ibadan,Standard,3,7137.0,19153.47,1,3,Credit Card,1
CUST-1634,57,Lagos,Premium,13,19869.62,228629.48,5,2,Credit Card,0
CUST-1635,58,Ibadan,Basic,25,3049.77,70647.75,4,1,Bank Transfer,0
CUST-1636,64,Port Harcourt,Premium,8,16781.33,132116.6,8,3,Wallet,0
CUST-1637,29,Abuja,Basic,3,3117.13,8375.62,2,0,Credit Card,1
CUST-1638,46,Abuja,Premium,11,14018.8,141376.72,4,2,Bank Transfer,0
CUST-1639,23,Ibadan,Basic,20,3155.34,56762.71,6,2,Wallet,1
CUST-1640,24,Abuja,Premium,7,22238.28,152752.12,1,4,USSD,0
CUST-1641,27,Kano,Standard,2,5706.26,10887.29,6,2,USSD,1
CUST-1642,63,Ibadan,Standard,22,11467.75,218279.7,0,2,USSD,0
CUST-1643,41,Port Harcourt,Basic,23,4133.68,84717.51,5,4,Credit Card,1
CUST-1644,52,Abuja,Standard,6,9598.15,52494.5,0,4,Credit Card,0
CUST-1645,18,Abuja,Basic,16,2308.72,35576.92,0,1,Bank Transfer,0
CUST-1646,18,Abuja,Standard,35,6044.27,201407.98,6,3,USSD,1
CUST-1647,26,Ibadan,Premium,32,17670.27,531480.95,2,5,USSD,0
CUST-1648,39,Port Harcourt,Premium,1,21170.56,20262.06,8,4,Wallet,1
CUST-1649,38,Abuja,Standard,2,5317.1,9455.56,1,0,Wallet,0
CUST-1650,56,Ibadan,Premium,6,22984.01,124392.22,7,4,Bank Transfer,0
CUST-1651,60,Abuja,Standard,5,8567.92,42574.35,8,3,Bank Transfer,1
CUST-1652,61,Ibadan,Basic,15,3023.87,41205.23,0,4,USSD,0
CUST-1653,57,Kano,Premium,11,15717.46,151784.93,0,0,Credit Card,0
CUST-1654,40,Kano,Premium,32,16799.83,488191.96,1,2,Credit Card,0
CUST-1655,22,Port Harcourt,Standard,22,7304.78,149686.86,2,0,USSD,0
CUST-1656,34,Ibadan,Basic,33,2311.66,65134.34,8,2,USSD,1
CUST-1657,19,Kano,Premium,36,19225.17,631517.48,6,4,USSD,0
CUST-1658,56,Kano,Standard,2,9072.59,15618.01,8,5,USSD,1
CUST-1659,29,Ibadan,Standard,7,5545.92,37709.15,7,3,USSD,1
CUST-1660,30,Lagos,Premium,31,17315.78,525428.37,8,4,Credit Card,1
CUST-1661,44,Ibadan,Premium,35,22373.96,700382.54,7,2,Bank Transfer,0
CUST-1662,63,Abuja,Basic,6,4472.71,25687.27,7,4,Credit Card,1
CUST-1663,46,Abuja,Premium,24,15425.12,366427.78,3,4,Bank Transfer,0
CUST-1664,48,Abuja,Basic,15,2668.86,38803.26,5,3,Wallet,1
CUST-1665,46,Ibadan,Premium,11,14396.76,156419.78,1,5,Credit Card,0
CUST-1666,42,Abuja,Basic,16,4009.49,60393.02,6,3,Wallet,1
CUST-1667,32,Ibadan,Standard,12,7014.76,79511.19,8,1,Bank Transfer,0
CUST-1668,27,Abuja,Basic,29,4071.07,104385.73,7,3,USSD,1
CUST-1669,55,Lagos,Basic,5,2918.55,13544.93,7,0,Bank Transfer,1
CUST-1670,31,Kano,Basic,34,4818.72,155221.39,5,3,Bank Transfer,1
CUST-1671,50,Lagos,Premium,17,24238.96,352510.59,5,5,USSD,1
CUST-1672,19,Ibadan,Basic,7,2073.61,13862.48,6,5,Bank Transfer,1
CUST-1673,52,Port Harcourt,Premium,3,21284.95,54466.16,7,2,USSD,1
CUST-1674,25,Port Harcourt,Standard,2,11846.41,23015.49,0,4,Credit Card,1
CUST-1675,32,Lagos,Basic,18,2040.12,34994.03,8,1,Credit Card,0
CUST-1676,58,Lagos,Premium,34,22420.16,657329.03,2,4,Bank Transfer,0
CUST-1677,26,Ibadan,Basic,12,2973.81,35672.03,0,2,Wallet,0
CUST-1678,62,Abuja,Basic,20,3560.38,63829.84,6,1,USSD,0
CUST-1679,37,Ibadan,Premium,25,19371.07,420593.26,1,0,Credit Card,0
CUST-1680,57,Ibadan,Premium,6,14676.96,80411.34,2,4,Bank Transfer,0
CUST-1681,50,Port Harcourt,Standard,23,11053.84,218356.35,2,3,USSD,0
CUST-1682,64,Ibadan,Basic,35,2682.28,90956.75,8,2,Bank Transfer,0
CUST-1683,18,Ibadan,Basic,8,4977.72,35395.05,0,1,Wallet,0
CUST-1684,41,Kano,Basic,31,2007.41,55920.33,5,1,Credit Card,0
CUST-1685,47,Abuja,Premium,20,12036.84,234693.66,3,0,Wallet,0
CUST-1686,52,Abuja,Basic,8,4828.89,36478.15,0,2,Wallet,0
CUST-1687,25,Abuja,Premium,5,19461.06,89194.76,4,0,Credit Card,0
CUST-1688,34,Port Harcourt,Basic,25,2834.79,64607.64,1,5,Wallet,0
CUST-1689,62,Abuja,Premium,12,13950.81,154693.52,2,4,Bank Transfer,0
CUST-1690,32,Lagos,Basic,16,2554.59,38369.42,5,5,Credit Card,1
CUST-1691,55,Port Harcourt,Basic,7,3723.71,24226.97,1,2,USSD,0
CUST-1692,63,Lagos,Standard,26,8922.62,230966.01,2,5,Bank Transfer,0
CUST-1693,22,Port Harcourt,Basic,11,3705.49,39453.42,7,1,Wallet,0
CUST-1694,49,Lagos,Premium,18,24985.72,412440.66,4,5,USSD,0
CUST-1695,22,Lagos,Premium,2,22843.05,44875.9,4,0,Wallet,0
CUST-1696,53,Lagos,Standard,23,6939.46,158892.68,2,3,USSD,0
CUST-1697,31,Kano,Basic,23,4336.99,88152.91,0,1,USSD,0
CUST-1698,33,Kano,Standard,9,8074.54,69292.49,0,5,Bank Transfer,0
CUST-1699,50,Kano,Premium,5,17414.44,76648.79,7,2,Bank Transfer,1
CUST-1700,22,Port Harcourt,Basic,32,2812.79,83333.34,1,1,USSD,0
CUST-1701,48,Kano,Basic,8,4298.26,30557.92,3,3,Bank Transfer,0
CUST-1702,48,Kano,Standard,9,6148.17,50922.82,7,4,Credit Card,0
CUST-1703,56,Lagos,Standard,17,10085.87,152175.01,4,0,Bank Transfer,0
CUST-1704,31,Ibadan,Basic,9,3848.52,31232.13,2,3,USSD,0
CUST-1705,65,Lagos,Basic,21,4954.72,90604.73,7,1,Bank Transfer,0
CUST-1706,43,Lagos,Standard,11,8194.12,87057.54,2,1,Wallet,0
CUST-1707,32,Abuja,Basic,5,4251.62,18221.4,3,5,Credit Card,1
CUST-1708,51,Abuja,Premium,5,18771.51,87372.7,1,5,Credit Card,1
CUST-1709,39,Lagos,Standard,29,5656.21,145216.44,1,0,Credit Card,0
CUST-1710,25,Abuja,Standard,23,10543.35,213975.8,7,1,Bank Transfer,0
CUST-1711,34,Ibadan,Basic,9,3872.44,31005.37,0,0,Credit Card,0
CUST-1712,57,Port Harcourt,Basic,22,4690.19,99640.09,0,1,Credit Card,0
CUST-1713,42,Ibadan,Basic,7,2667.8,16990.95,1,2,Wallet,0
CUST-1714,56,Port Harcourt,Basic,16,2209.68,31012.43,6,3,USSD,1
CUST-1715,49,Port Harcourt,Premium,31,23299.26,712741.31,4,2,Credit Card,0
CUST-1716,49,Abuja,Standard,8,8570.35,61934.88,3,3,USSD,0
CUST-1717,19,Lagos,Basic,20,4706.15,92094.11,1,4,USSD,0
CUST-1718,55,Lagos,Standard,29,7086.65,178294.05,3,0,USSD,0
CUST-1719,48,Lagos,Basic,20,3919.85,72723.58,8,5,USSD,1
CUST-1720,23,Ibadan,Basic,30,2160.64,55285.56,5,2,Wallet,1
CUST-1721,57,Ibadan,Standard,16,5611.0,76892.73,6,4,Wallet,0
CUST-1722,52,Abuja,Standard,34,9213.3,275309.81,1,5,Credit Card,0
CUST-1723,18,Lagos,Standard,30,7884.56,203313.15,2,4,Wallet,0
CUST-1724,60,Abuja,Basic,21,2545.07,52682.82,7,5,Credit Card,1
CUST-1725,52,Abuja,Basic,35,3135.89,101401.94,5,5,USSD,1
CUST-1726,32,Abuja,Standard,20,8220.69,143644.68,6,2,Wallet,0
CUST-1727,23,Lagos,Standard,25,6900.39,159215.27,4,5,USSD,0
CUST-1728,26,Kano,Basic,28,3446.97,86275.61,2,0,Credit Card,0
CUST-1729,40,Port Harcourt,Premium,33,13671.06,386142.49,8,5,Credit Card,0
CUST-1730,65,Kano,Premium,24,15678.69,336488.84,1,5,Bank Transfer,0
CUST-1731,50,Port Harcourt,Standard,1,7531.15,6480.33,4,3,USSD,1
CUST-1732,19,Ibadan,Basic,10,3604.02,35509.86,3,5,USSD,0
CUST-1733,47,Abuja,Standard,33,5692.07,169913.61,8,4,USSD,0
CUST-1734,41,Ibadan,Basic,16,2206.49,34178.11,6,3,USSD,1
CUST-1735,64,Kano,Premium,21,19238.2,373725.24,1,3,Credit Card,0
CUST-1736,41,Abuja,Basic,14,2184.6,30342.89,2,1,Bank Transfer,0
CUST-1737,22,Kano,Premium,30,20177.9,558246.36,8,1,Bank Transfer,0
CUST-1738,29,Kano,Standard,31,5413.93,167640.9,5,5,USSD,0
CUST-1739,62,Port Harcourt,Basic,35,2631.87,92110.39,8,2,Bank Transfer,0
CUST-1740,26,Lagos,Basic,34,3520.06,119273.93,0,3,Bank Transfer,0
CUST-1741,51,Kano,Standard,33,10287.88,291692.75,6,2,Bank Transfer,0
CUST-1742,41,Abuja,Premium,9,14513.74,129198.22,5,0,USSD,0
CUST-1743,39,Kano,Standard,14,8733.98,108037.36,7,3,USSD,1
CUST-1744,60,Kano,Premium,28,18262.62,452585.24,5,1,Bank Transfer,0
CUST-1745,61,Port Harcourt,Basic,12,3389.57,37189.02,4,0,Wallet,0
CUST-1746,43,Lagos,Premium,6,24130.21,141832.67,1,5,USSD,0
CUST-1747,50,Abuja,Standard,24,11935.69,284575.14,2,0,Wallet,0
CUST-1748,38,Port Harcourt,Basic,28,2073.62,50552.75,4,4,Bank Transfer,0
CUST-1749,36,Ibadan,Premium,36,15653.75,534097.74,6,4,Credit Card,1
CUST-1750,51,Abuja,Basic,14,4500.5,57114.0,0,0,USSD,0
CUST-1751,40,Lagos,Basic,4,2696.48,10000.09,1,5,USSD,1
CUST-1752,40,Lagos,Standard,36,9844.34,316355.2,6,5,Bank Transfer,1
CUST-1753,28,Ibadan,Premium,25,20674.13,478495.85,8,0,Wallet,0
CUST-1754,29,Lagos,Basic,11,2667.94,26748.5,8,5,Wallet,1
CUST-1755,47,Abuja,Basic,14,4505.38,54016.86,6,0,Wallet,0
CUST-1756,43,Kano,Basic,25,4069.51,100120.35,4,3,Bank Transfer,0
CUST-1757,61,Port Harcourt,Standard,32,11781.68,367952.12,5,4,Wallet,1
CUST-1758,33,Port Harcourt,Standard,19,9582.0,171277.71,3,0,Bank Transfer,0
CUST-1759,41,Ibadan,Basic,3,4646.39,12079.67,6,4,Wallet,1
CUST-1760,52,Port Harcourt,Standard,12,9830.04,106520.16,7,5,Credit Card,1
CUST-1761,30,Port Harcourt,Premium,6,21013.19,109904.49,2,2,Wallet,0
CUST-1762,49,Port Harcourt,Basic,14,3006.65,35865.07,7,3,Wallet,1
CUST-1763,40,Kano,Basic,31,3305.33,99191.97,7,0,USSD,0
CUST-1764,60,Kano,Basic,14,4790.65,66241.53,1,4,USSD,0
CUST-1765,18,Ibadan,Basic,20,2564.33,44276.07,1,0,Wallet,0
CUST-1766,23,Abuja,Standard,36,9310.84,288056.52,8,1,Wallet,0
CUST-1767,57,Port Harcourt,Basic,19,4936.32,83435.25,0,4,Credit Card,0
CUST-1768,58,Kano,Premium,10,14093.25,139089.35,5,5,Credit Card,1
CUST-1769,25,Abuja,Basic,13,2220.5,26084.62,3,2,Credit Card,0
CUST-1770,22,Abuja,Premium,31,13449.0,389714.0,8,0,Bank Transfer,0
CUST-1771,41,Ibadan,Basic,14,2962.92,41084.14,0,2,USSD,0
CUST-1772,55,Ibadan,Basic,24,4541.48,96928.58,3,5,Bank Transfer,0
CUST-1773,50,Port Harcourt,Standard,2,10705.07,19991.72,1,2,Credit Card,0
CUST-1774,57,Kano,Premium,10,15372.85,147902.11,3,1,Credit Card,0
CUST-1775,49,Port Harcourt,Premium,18,24619.41,421260.91,1,5,USSD,0
CUST-1776,25,Port Harcourt,Premium,36,22643.69,800736.84,2,2,Credit Card,0
CUST-1777,65,Ibadan,Standard,16,8780.05,133537.21,6,2,Wallet,0
CUST-1778,62,Kano,Premium,32,24380.74,743736.22,7,1,Bank Transfer,0
CUST-1779,22,Kano,Premium,34,24606.34,743123.05,3,2,Bank Transfer,0
CUST-1780,41,Ibadan,Basic,20,4396.46,80679.77,4,4,USSD,0
CUST-1781,33,Ibadan,Premium,1,15439.75,15341.51,1,0,Bank Transfer,0
CUST-1782,62,Kano,Premium,21,21441.88,398131.17,0,0,USSD,0
CUST-1783,20,Lagos,Premium,29,15129.71,402552.81,7,0,Bank Transfer,0
CUST-1784,57,Ibadan,Standard,9,10194.16,83313.24,8,4,USSD,1
CUST-1785,64,Ibadan,Standard,20,10972.36,203194.43,1,1,Credit Card,0
CUST-1786,35,Ibadan,Standard,24,10436.07,235736.94,1,0,Wallet,0
CUST-1787,29,Lagos,Standard,30,10682.03,298316.54,7,2,Credit Card,0
CUST-1788,37,Port Harcourt,Basic,9,4113.23,31835.57,8,2,Bank Transfer,1
CUST-1789,23,Abuja,Basic,33,4962.56,142202.57,2,0,Credit Card,0
CUST-1790,23,Port Harcourt,Premium,3,15077.74,38764.13,4,0,USSD,0
CUST-1791,27,Kano,Basic,9,4745.82,40613.59,1,3,Bank Transfer,0
CUST-1792,57,Ibadan,Standard,31,7705.36,210482.83,2,0,Wallet,0
CUST-1793,51,Abuja,Premium,36,18711.58,593707.7,3,3,Credit Card,0
CUST-1794,25,Kano,Standard,33,8200.81,246689.37,0,0,USSD,0
CUST-1795,50,Kano,Standard,14,7061.67,86400.89,4,2,USSD,0
CUST-1796,44,Port Harcourt,Standard,34,10626.05,326074.46,2,3,Wallet,0
CUST-1797,21,Abuja,Premium,27,21962.8,532207.57,2,2,Bank Transfer,0
CUST-1798,18,Kano,Premium,31,20554.74,568044.6,3,1,Bank Transfer,0
CUST-1799,32,Lagos,Premium,19,17266.41,282846.37,0,5,Wallet,0
CUST-1800,65,Abuja,Premium,10,22017.6,193085.05,3,5,Bank Transfer,0
CUST-1801,23,Kano,Basic,3,4547.87,11909.98,2,0,Credit Card,1
CUST-1802,39,Lagos,Basic,9,2259.72,17402.2,0,4,Bank Transfer,0
CUST-1803,20,Ibadan,Premium,13,22434.43,268306.81,1,1,USSD,0
CUST-1804,62,Port Harcourt,Basic,35,4156.09,123846.12,0,3,USSD,0
CUST-1805,49,Lagos,Premium,9,20445.09,161597.13,8,3,Wallet,1
CUST-1806,61,Port Harcourt,Standard,14,7759.18,95991.69,4,5,Bank Transfer,0
CUST-1807,63,Ibadan,Basic,34,2649.67,83300.71,7,1,Credit Card,1
CUST-1808,53,Ibadan,Standard,8,6279.34,47085.75,4,5,Bank Transfer,0
CUST-1809,37,Port Harcourt,Basic,9,2569.05,22808.04,4,3,Credit Card,0
CUST-1810,60,Lagos,Standard,4,9375.6,36756.17,1,2,Credit Card,0
CUST-1811,29,Abuja,Premium,8,19084.7,149776.15,8,1,Bank Transfer,0
CUST-1812,18,Lagos,Premium,23,24391.12,512075.29,6,5,Credit Card,1
CUST-1813,19,Ibadan,Basic,9,4799.91,37435.16,8,2,Bank Transfer,0
CUST-1814,22,Ibadan,Standard,3,8350.08,23364.08,0,4,Credit Card,0
CUST-1815,47,Kano,Standard,8,8608.66,65838.4,4,5,USSD,0
CUST-1816,43,Ibadan,Premium,36,13170.99,443965.74,6,1,USSD,0
CUST-1817,29,Kano,Standard,1,9982.3,9012.17,3,0,Credit Card,0
CUST-1818,19,Lagos,Basic,6,2298.79,12114.26,1,4,USSD,0
CUST-1819,54,Kano,Standard,10,5083.45,50596.63,8,5,USSD,0
CUST-1820,32,Lagos,Basic,22,4882.39,100485.03,6,3,Bank Transfer,1
CUST-1821,54,Kano,Standard,24,8386.88,177295.14,7,3,Credit Card,0
CUST-1822,51,Abuja,Standard,22,10148.6,207398.8,8,2,USSD,0
CUST-1823,31,Abuja,Basic,32,3003.67,90177.81,5,5,Credit Card,1
CUST-1824,56,Kano,Basic,12,4780.96,50730.61,6,2,Bank Transfer,0
CUST-1825,39,Lagos,Basic,21,4776.13,95766.23,1,3,Wallet,0
CUST-1826,49,Kano,Premium,32,16422.01,486044.62,2,1,Credit Card,0
CUST-1827,24,Kano,Standard,15,9758.41,135817.3,6,4,Bank Transfer,0
CUST-1828,38,Kano,Premium,3,16773.2,47293.71,2,1,USSD,0
CUST-1829,33,Lagos,Basic,16,2263.74,34920.84,3,5,Wallet,0
CUST-1830,22,Port Harcourt,Basic,12,2365.79,24235.9,2,0,Bank Transfer,0
CUST-1831,30,Ibadan,Standard,14,11842.59,142181.06,7,4,Credit Card,1
CUST-1832,30,Ibadan,Basic,32,2318.36,73465.29,0,0,Wallet,0
CUST-1833,50,Ibadan,Standard,23,11450.65,233263.43,0,5,Credit Card,0
CUST-1834,53,Lagos,Premium,23,21659.66,443245.88,7,3,USSD,0
CUST-1835,45,Abuja,Standard,23,10237.27,212762.86,6,2,Credit Card,0
CUST-1836,27,Kano,Standard,20,9681.98,177966.09,2,5,Credit Card,0
CUST-1837,35,Port Harcourt,Premium,21,24412.57,486304.71,7,1,Bank Transfer,0
CUST-1838,46,Lagos,Premium,34,20201.46,598332.96,1,3,Credit Card,0
CUST-1839,49,Ibadan,Basic,36,2813.12,99535.77,7,0,Credit Card,0
CUST-1840,45,Lagos,Standard,36,8768.93,275618.5,2,5,Credit Card,0
CUST-1841,58,Lagos,Standard,18,10540.5,170405.91,6,0,Credit Card,0
CUST-1842,18,Kano,Premium,22,16127.35,310280.16,4,5,Wallet,0
CUST-1843,32,Ibadan,Standard,18,7760.77,120712.53,7,1,Bank Transfer,0
CUST-1844,47,Kano,Standard,2,9456.68,16158.05,4,1,Bank Transfer,0
CUST-1845,38,Kano,Premium,22,14961.33,305345.77,2,2,USSD,0
CUST-1846,19,Abuja,Premium,6,18988.84,105239.3,4,3,Credit Card,0
CUST-1847,62,Abuja,Standard,11,8182.55,84973.41,5,0,Credit Card,0
CUST-1848,55,Abuja,Standard,18,9341.8,167715.81,1,4,Bank Transfer,0
CUST-1849,19,Lagos,Standard,15,8522.09,117016.26,8,0,Wallet,0
CUST-1850,26,Port Harcourt,Basic,10,3295.45,31029.06,1,3,Credit Card,0
CUST-1851,36,Lagos,Standard,9,6061.26,47248.78,0,0,USSD,0
CUST-1852,32,Port Harcourt,Standard,21,10130.52,192478.63,4,2,Bank Transfer,0
CUST-1853,24,Port Harcourt,Basic,28,3775.9,94039.72,2,3,USSD,0
CUST-1854,51,Kano,Standard,10,11673.63,105447.05,6,1,Credit Card,0
CUST-1855,61,Kano,Basic,3,2922.38,8094.05,5,0,Credit Card,1
CUST-1856,61,Port Harcourt,Basic,31,4263.38,118977.49,5,3,Bank Transfer,1
CUST-1857,45,Ibadan,Standard,25,9866.77,230778.92,1,3,USSD,0
CUST-1858,20,Port Harcourt,Premium,5,14783.51,67499.65,5,5,Credit Card,1
CUST-1859,41,Port Harcourt,Basic,35,4631.69,157360.62,7,3,Wallet,1
CUST-1860,54,Kano,Standard,16,11358.64,162676.14,0,3,Bank Transfer,0
CUST-1861,19,Ibadan,Standard,32,10207.55,281367.75,3,0,Bank Transfer,0
CUST-1862,36,Kano,Premium,25,17808.95,439994.24,3,2,Bank Transfer,0
CUST-1863,37,Abuja,Standard,14,5424.4,74507.05,8,4,Wallet,1
CUST-1864,60,Abuja,Standard,15,5870.4,87762.83,8,3,USSD,1
CUST-1865,41,Abuja,Premium,18,16226.6,281103.6,4,4,Wallet,0
CUST-1866,61,Port Harcourt,Basic,3,3756.81,9594.68,6,5,Wallet,1
CUST-1867,28,Port Harcourt,Premium,27,17308.25,466985.5,2,0,Bank Transfer,0
CUST-1868,51,Abuja,Standard,14,6759.09,86853.7,1,2,Credit Card,0
CUST-1869,55,Port Harcourt,Standard,5,7476.58,35834.08,2,2,Bank Transfer,0
CUST-1870,63,Lagos,Basic,21,4006.36,83277.95,1,1,USSD,0
CUST-1871,37,Port Harcourt,Basic,30,3752.58,105201.51,7,3,USSD,1
CUST-1872,48,Abuja,Standard,22,7813.97,153445.32,5,5,Bank Transfer,0
CUST-1873,37,Kano,Basic,32,3929.46,124920.95,3,3,USSD,0
CUST-1874,51,Abuja,Standard,30,10094.62,292158.33,7,0,USSD,0
CUST-1875,34,Port Harcourt,Premium,32,20250.13,575191.17,6,5,Credit Card,0
CUST-1876,24,Port Harcourt,Premium,16,13006.47,200349.28,8,0,Wallet,0
CUST-1877,63,Lagos,Standard,7,7249.43,49364.87,1,3,USSD,0
CUST-1878,28,Lagos,Standard,33,9693.69,312930.43,3,1,Credit Card,0
CUST-1879,42,Abuja,Premium,14,12726.7,171658.88,5,1,Credit Card,0
CUST-1880,34,Kano,Basic,12,4928.78,51084.7,8,0,Credit Card,1
CUST-1881,38,Ibadan,Basic,10,4539.7,39076.33,2,0,Credit Card,0
CUST-1882,45,Lagos,Basic,31,4880.2,140206.45,8,0,Bank Transfer,1
CUST-1883,40,Abuja,Standard,4,5219.65,19910.78,2,1,Wallet,0
CUST-1884,50,Kano,Premium,7,21852.74,143703.03,2,3,USSD,0
CUST-1885,53,Kano,Basic,9,3786.11,33787.69,6,0,Wallet,1
CUST-1886,24,Port Harcourt,Premium,8,12301.85,84648.09,6,1,Credit Card,0
CUST-1887,45,Ibadan,Standard,25,11968.62,279300.03,6,0,USSD,0
CUST-1888,27,Kano,Premium,21,15899.08,290063.68,0,5,Credit Card,0
CUST-1889,50,Port Harcourt,Standard,11,5639.45,61476.37,4,3,USSD,0
CUST-1890,32,Lagos,Premium,31,23487.2,689957.82,8,4,Credit Card,1
CUST-1891,25,Ibadan,Basic,23,2476.85,55997.88,1,3,Credit Card,0
CUST-1892,26,Kano,Premium,8,21806.71,160666.87,7,5,Wallet,0
CUST-1893,27,Ibadan,Premium,6,13679.79,75607.97,1,1,Credit Card,0
CUST-1894,58,Ibadan,Standard,3,11550.39,32308.03,8,5,Bank Transfer,1
CUST-1895,21,Ibadan,Premium,31,20838.4,595416.23,5,3,Wallet,1
CUST-1896,45,Lagos,Basic,7,3858.54,26569.47,6,3,Wallet,1
CUST-1897,51,Ibadan,Standard,13,5994.2,68511.78,5,4,USSD,1
CUST-1898,35,Port Harcourt,Premium,3,18341.44,48317.1,6,0,USSD,1
CUST-1899,47,Kano,Basic,1,3006.67,2634.36,5,5,USSD,1
CUST-1900,44,Ibadan,Premium,2,13579.45,25995.68,1,4,Wallet,1
CUST-1901,38,Ibadan,Basic,11,4237.28,40221.2,2,2,USSD,0
CUST-1902,51,Abuja,Standard,30,6832.63,204845.68,2,1,Bank Transfer,0
CUST-1903,52,Lagos,Standard,1,8988.58,8278.77,6,5,Credit Card,1
CUST-1904,23,Ibadan,Basic,36,4549.5,162942.41,6,2,Wallet,0
CUST-1905,24,Kano,Standard,32,6945.69,218633.53,8,4,Credit Card,1
CUST-1906,54,Lagos,Premium,1,17276.07,17147.96,7,3,USSD,1
CUST-1907,56,Lagos,Standard,13,5448.68,61807.97,0,1,USSD,0
CUST-1908,46,Ibadan,Basic,17,3402.13,55339.02,2,2,Wallet,0
CUST-1909,48,Ibadan,Standard,33,6242.65,176216.04,0,1,Credit Card,0
CUST-1910,58,Abuja,Basic,10,2196.54,21581.19,8,4,USSD,1
CUST-1911,54,Ibadan,Basic,21,2599.57,48353.6,5,3,USSD,1
CUST-1912,25,Kano,Basic,26,3029.63,72568.66,7,4,Credit Card,1
CUST-1913,22,Kano,Standard,32,6883.75,213957.86,7,3,USSD,0
CUST-1914,47,Kano,Premium,29,12399.39,353202.27,3,0,Credit Card,0
CUST-1915,35,Ibadan,Standard,26,8073.83,190453.09,2,1,Wallet,0
CUST-1916,24,Abuja,Standard,29,9670.2,238801.51,1,0,Credit Card,0
CUST-1917,52,Kano,Standard,32,7410.39,203954.44,1,4,Wallet,0
CUST-1918,64,Lagos,Premium,7,16651.56,99784.32,4,3,Bank Transfer,0
CUST-1919,61,Ibadan,Premium,8,16233.6,118373.33,0,4,USSD,0
CUST-1920,41,Ibadan,Standard,16,9848.8,154435.01,5,1,USSD,0
CUST-1921,54,Port Harcourt,Premium,12,24923.25,269519.78,5,4,Credit Card,1
CUST-1922,58,Lagos,Premium,15,20039.31,269203.55,2,0,Bank Transfer,0
CUST-1923,39,Lagos,Premium,21,23824.0,493234.15,1,5,Wallet,0
CUST-1924,45,Abuja,Premium,33,14680.8,413344.34,5,4,Wallet,1
CUST-1925,26,Lagos,Standard,28,7478.92,191979.98,6,3,Wallet,0
CUST-1926,62,Port Harcourt,Standard,29,11494.35,286292.62,7,0,Bank Transfer,0
CUST-1927,36,Abuja,Premium,20,13216.91,233142.06,4,5,Credit Card,0
CUST-1928,47,Ibadan,Premium,18,22579.73,376975.87,0,5,Credit Card,0
CUST-1929,47,Lagos,Basic,35,2225.8,66338.74,2,5,Wallet,0
CUST-1930,19,Abuja,Standard,30,8538.09,224112.91,8,3,Credit Card,0
CUST-1931,52,Port Harcourt,Premium,19,24659.34,409999.05,5,1,Credit Card,0
CUST-1932,27,Kano,Premium,15,17696.94,238862.97,7,0,Bank Transfer,0
CUST-1933,64,Lagos,Basic,17,2371.55,35081.04,7,0,Credit Card,0
CUST-1934,50,Abuja,Basic,6,2419.98,12975.21,0,3,Credit Card,0
CUST-1935,63,Kano,Standard,33,7412.47,244081.36,0,1,Wallet,0
CUST-1936,31,Abuja,Premium,10,22339.59,199399.49,4,2,Bank Transfer,0
CUST-1937,36,Abuja,Standard,18,7508.01,123773.84,5,5,Wallet,1
CUST-1938,22,Port Harcourt,Premium,36,15192.26,498703.95,4,4,USSD,0
CUST-1939,32,Abuja,Standard,12,8277.14,96524.18,1,4,Wallet,0
CUST-1940,20,Kano,Premium,29,24531.92,618953.9,1,2,USSD,0
CUST-1941,41,Port Harcourt,Standard,22,8897.26,175935.01,6,1,Credit Card,0
CUST-1942,63,Ibadan,Standard,30,8360.97,214736.92,1,4,Wallet,0
CUST-1943,31,Port Harcourt,Premium,28,17305.0,457442.35,5,4,Credit Card,0
CUST-1944,54,Ibadan,Premium,24,18422.02,410482.8,3,3,Bank Transfer,0
CUST-1945,33,Ibadan,Basic,17,3969.45,63422.72,8,0,USSD,0
CUST-1946,40,Port Harcourt,Standard,36,8545.55,265567.5,2,1,USSD,0
CUST-1947,60,Abuja,Premium,24,17549.01,366761.66,3,5,Bank Transfer,0
CUST-1948,53,Abuja,Premium,31,19989.06,593163.7,6,0,USSD,0
CUST-1949,49,Port Harcourt,Standard,7,11954.47,72942.25,3,4,Bank Transfer,0
CUST-1950,48,Abuja,Basic,2,3293.07,5739.1,6,2,Credit Card,1
CUST-1951,22,Port Harcourt,Standard,24,11748.9,273643.34,6,4,USSD,0
CUST-1952,63,Lagos,Standard,15,6580.91,87163.28,8,4,Wallet,0
CUST-1953,47,Lagos,Standard,4,10429.35,36742.84,2,4,Bank Transfer,1
CUST-1954,44,Port Harcourt,Standard,30,8939.3,253932.6,4,3,Credit Card,0
CUST-1955,63,Ibadan,Basic,23,2687.63,60249.36,2,0,Wallet,0
CUST-1956,21,Abuja,Premium,28,20299.47,556888.7,3,2,Bank Transfer,0
CUST-1957,34,Kano,Standard,18,5143.86,81100.45,8,0,Wallet,0
CUST-1958,53,Port Harcourt,Standard,27,8424.68,202607.01,1,0,Bank Transfer,0
CUST-1959,20,Kano,Premium,27,19610.71,504146.43,3,3,Credit Card,0
CUST-1960,58,Kano,Premium,3,23039.21,67928.75,8,3,Wallet,1
CUST-1961,28,Ibadan,Basic,8,4618.89,34072.06,4,4,Wallet,0
CUST-1962,32,Ibadan,Premium,34,20983.9,609136.52,6,4,Bank Transfer,1
CUST-1963,27,Abuja,Premium,12,18772.16,211564.06,3,3,Wallet,0
CUST-1964,55,Port Harcourt,Premium,12,12598.39,149848.63,8,2,USSD,0
CUST-1965,62,Lagos,Standard,24,11383.78,247191.44,4,0,Credit Card,0
CUST-1966,35,Ibadan,Basic,34,3012.17,88394.37,0,0,Bank Transfer,0
CUST-1967,18,Lagos,Premium,28,23096.71,638073.1,7,0,Wallet,0
CUST-1968,57,Abuja,Premium,34,24417.33,828978.82,1,2,Wallet,0
CUST-1969,35,Kano,Premium,22,17824.36,343618.68,2,2,Credit Card,0
CUST-1970,35,Ibadan,Premium,28,13532.87,375322.33,7,2,Wallet,0
CUST-1971,39,Abuja,Premium,24,21821.25,453152.06,4,2,Bank Transfer,0
CUST-1972,18,Ibadan,Premium,26,23401.69,567524.46,5,4,Credit Card,0
CUST-1973,49,Port Harcourt,Basic,36,3258.16,116809.4,0,4,Credit Card,0
CUST-1974,38,Port Harcourt,Standard,24,6551.77,155457.21,1,1,Bank Transfer,0
CUST-1975,35,Kano,Standard,22,7715.3,157852.11,1,4,Wallet,0
CUST-1976,22,Port Harcourt,Basic,27,3015.28,73495.03,6,5,Bank Transfer,1
CUST-1977,52,Port Harcourt,Premium,7,16278.77,110079.92,4,2,Wallet,0
CUST-1978,40,Lagos,Premium,36,18256.64,576915.31,8,5,Bank Transfer,1
CUST-1979,33,Ibadan,Basic,6,2206.2,12148.61,1,4,Credit Card,0
CUST-1980,41,Abuja,Standard,20,5846.04,105776.17,4,1,Wallet,0
CUST-1981,62,Abuja,Basic,17,3997.41,67695.91,4,3,USSD,0
CUST-1982,35,Kano,Basic,15,2646.23,39034.59,2,1,Wallet,0
CUST-1983,56,Lagos,Standard,36,5393.55,173351.41,0,4,Credit Card,0
CUST-1984,47,Ibadan,Standard,22,9750.14,199353.11,5,0,Wallet,0
CUST-1985,59,Abuja,Premium,24,20626.89,461935.15,3,2,USSD,0
CUST-1986,53,Ibadan,Standard,12,11492.61,119043.59,2,2,Bank Transfer,0
CUST-1987,56,Lagos,Basic,4,2114.7,7364.64,6,0,USSD,1
CUST-1988,35,Abuja,Premium,29,18838.62,522326.26,6,2,Credit Card,0
CUST-1989,63,Abuja,Standard,16,7727.94,106706.55,3,3,USSD,0
CUST-1990,32,Ibadan,Standard,31,5299.84,155671.14,6,2,Credit Card,0
CUST-1991,39,Kano,Basic,20,2703.78,48021.53,5,0,Bank Transfer,0
CUST-1992,30,Kano,Basic,8,2699.19,19611.32,4,3,Wallet,0
CUST-1993,36,Ibadan,Premium,36,23802.9,774584.18,6,0,Bank Transfer,0
CUST-1994,50,Abuja,Basic,17,4328.77,70786.29,4,4,Wallet,0
CUST-1995,37,Abuja,Standard,34,7544.56,224333.33,2,2,Wallet,0
CUST-1996,32,Port Harcourt,Premium,5,14536.03,69744.76,7,0,Credit Card,1
CUST-1997,40,Abuja,Premium,16,19098.05,263639.58,4,4,Wallet,0
CUST-1998,20,Abuja,Standard,28,5882.29,163270.66,5,1,Wallet,0
CUST-1999,45,Kano,Premium,7,21749.39,146321.64,5,2,USSD,0
